,name,sj_0,sj_1,dx,roughness,in_offset,out_offset,Q_0,shape,g1,g2,g3,g4,A_s,A_c,C,ctrl,C_uk,C_dk,h_0,dx_uk,dx_dk
0,8040,0,1,528.64,0.015,0.0,0.0,0.0,circular,1.2192,0.001,0,0,0.001,0.0,0.0,False,0.0,0.0,0.001,10.0,10.0
1,8060,1,10,612.46,0.015,0.0,0.0,0.0,circular,1.2192,0.001,0,0,0.001,0.0,0.0,False,0.0,0.0,0.001,10.0,10.0
2,8100,2,3,1534.48,0.015,0.0,0.0,0.0,circular,1.3716000000000002,0.001,0,0,0.001,0.0,0.0,False,0.0,0.0,0.001,10.0,10.0
3,8130,3,6,1046.8,0.015,0.0,0.0,0.0,circular,1.3716000000000002,0.001,0,0,0.001,0.0,0.0,False,0.0,0.0,0.001,10.0,10.0
4,1030,5,9,1351.6000000000001,0.016,0.0,0.0,0.0,trapezoidal,2.7432000000000003,0.001,3,3,0.001,0.0,0.0,False,0.0,0.0,0.001,10.0,10.0
5,1570,6,7,1504.0,0.0154,0.0,0.0,0.0,circular,1.6764000000000001,0.001,0,0,0.001,0.0,0.0,False,0.0,0.0,0.001,10.0,10.0
6,1600,8,7,132.4,0.015,0.0,0.0,0.0,circular,1.8288000000000002,0.001,0,0,0.001,0.0,0.0,False,0.0,0.0,0.001,10.0,10.0
7,1630,7,5,71.44,0.015,0.0,0.0,0.0,trapezoidal,2.7432000000000003,0.001,3,3,0.001,0.0,0.0,False,0.0,0.0,0.001,10.0,10.0
8,1602,4,8,1504.0,0.034,0.0,0.0,0.0,circular,1.524,0.001,0,0,0.001,0.0,0.0,False,0.0,0.0,0.001,10.0,10.0
