,name,id,sj_0,sj_1,in_offset,out_offset,dx,roughness,shape,g1,g2,g3,g4,Q_0,h_0,ctrl,A_s,A_c,C,dx_uk,dx_dk,C_uk,C_dk,friction_method
0,1,0,0,1,0,0,731.52,100.0,force_main,0.30479999999999996,1e-05,0,0,0,0.30479999999999996,False,0.001,0,0,0,0,0,0,hw
1,2,1,1,4,0,0,243.84,100.0,force_main,0.30479999999999996,1e-05,0,0,0,0.30479999999999996,False,0.001,0,0,0,0,0,0,hw
2,3,2,1,2,0,0,396.24,100.0,force_main,0.2032,1e-05,0,0,0,0.2032,False,0.001,0,0,0,0,0,0,hw
3,4,3,2,3,0,0,365.76,100.0,force_main,0.2032,1e-05,0,0,0,0.2032,False,0.001,0,0,0,0,0,0,hw
4,5,4,3,4,0,0,304.8,100.0,force_main,0.30479999999999996,1e-05,0,0,0,0.30479999999999996,False,0.001,0,0,0,0,0,0,hw
5,6,5,4,5,0,0,365.76,100.0,force_main,0.30479999999999996,1e-05,0,0,0,0.30479999999999996,False,0.001,0,0,0,0,0,0,hw
6,7,6,5,6,0,0,822.96,100.0,force_main,0.30479999999999996,1e-05,0,0,0,0.30479999999999996,False,0.001,0,0,0,0,0,0,hw
7,8,7,6,7,0,0,365.76,140.0,force_main,0.30479999999999996,1e-05,0,0,0,0.30479999999999996,False,0.001,0,0,0,0,0,0,hw
8,9,8,6,8,0,0,121.92,100.0,force_main,0.30479999999999996,1e-05,0,0,0,0.30479999999999996,False,0.001,0,0,0,0,0,0,hw
9,10,9,7,9,0,0,304.8,140.0,force_main,0.2032,1e-05,0,0,0,0.2032,False,0.001,0,0,0,0,0,0,hw
10,11,10,8,10,0,0,213.36,100.0,force_main,0.30479999999999996,1e-05,0,0,0,0.30479999999999996,False,0.001,0,0,0,0,0,0,hw
11,12,11,10,11,0,0,579.12,100.0,force_main,0.30479999999999996,1e-05,0,0,0,0.30479999999999996,False,0.001,0,0,0,0,0,0,hw
12,13,12,11,12,0,0,182.88,100.0,force_main,0.30479999999999996,1e-05,0,0,0,0.30479999999999996,False,0.001,0,0,0,0,0,0,hw
13,14,13,12,13,0,0,121.92,100.0,force_main,0.30479999999999996,1e-05,0,0,0,0.30479999999999996,False,0.001,0,0,0,0,0,0,hw
14,15,14,13,14,0,0,91.44,100.0,force_main,0.30479999999999996,1e-05,0,0,0,0.30479999999999996,False,0.001,0,0,0,0,0,0,hw
15,16,15,12,15,0,0,457.20000000000005,100.0,force_main,0.2032,1e-05,0,0,0,0.2032,False,0.001,0,0,0,0,0,0,hw
16,17,16,14,16,0,0,457.20000000000005,100.0,force_main,0.2032,1e-05,0,0,0,0.2032,False,0.001,0,0,0,0,0,0,hw
17,18,17,15,16,0,0,182.88,100.0,force_main,0.2032,1e-05,0,0,0,0.2032,False,0.001,0,0,0,0,0,0,hw
18,19,18,16,17,0,0,213.36,100.0,force_main,0.30479999999999996,1e-05,0,0,0,0.30479999999999996,False,0.001,0,0,0,0,0,0,hw
19,20,19,17,30,0,0,106.68,100.0,force_main,0.30479999999999996,1e-05,0,0,0,0.30479999999999996,False,0.001,0,0,0,0,0,0,hw
20,21,20,15,18,0,0,426.72,100.0,force_main,0.2032,1e-05,0,0,0,0.2032,False,0.001,0,0,0,0,0,0,hw
21,22,21,13,19,0,0,335.28000000000003,100.0,force_main,0.30479999999999996,1e-05,0,0,0,0.30479999999999996,False,0.001,0,0,0,0,0,0,hw
22,23,22,19,20,0,0,396.24,100.0,force_main,0.2032,1e-05,0,0,0,0.2032,False,0.001,0,0,0,0,0,0,hw
23,24,23,20,21,0,0,396.24,100.0,force_main,0.2032,1e-05,0,0,0,0.2032,False,0.001,0,0,0,0,0,0,hw
24,25,24,19,21,0,0,396.24,100.0,force_main,0.2032,1e-05,0,0,0,0.2032,False,0.001,0,0,0,0,0,0,hw
25,26,25,23,22,0,0,182.88,100.0,force_main,0.30479999999999996,1e-05,0,0,0,0.30479999999999996,False,0.001,0,0,0,0,0,0,hw
26,27,26,14,23,0,0,76.2,100.0,force_main,0.30479999999999996,1e-05,0,0,0,0.30479999999999996,False,0.001,0,0,0,0,0,0,hw
27,28,27,22,24,0,0,91.44,100.0,force_main,0.30479999999999996,1e-05,0,0,0,0.30479999999999996,False,0.001,0,0,0,0,0,0,hw
28,29,28,24,36,0,0,60.96,100.0,force_main,0.30479999999999996,1e-05,0,0,0,0.30479999999999996,False,0.001,0,0,0,0,0,0,hw
29,30,29,24,29,0,0,182.88,100.0,force_main,0.30479999999999996,1e-05,0,0,0,0.30479999999999996,False,0.001,0,0,0,0,0,0,hw
30,31,30,29,25,0,0,121.92,100.0,force_main,0.2032,1e-05,0,0,0,0.2032,False,0.001,0,0,0,0,0,0,hw
31,32,31,25,27,0,0,121.92,100.0,force_main,0.2032,1e-05,0,0,0,0.2032,False,0.001,0,0,0,0,0,0,hw
32,34,32,27,26,0,0,213.36,100.0,force_main,0.2032,1e-05,0,0,0,0.2032,False,0.001,0,0,0,0,0,0,hw
33,35,33,21,31,0,0,304.8,100.0,force_main,0.2032,1e-05,0,0,0,0.2032,False,0.001,0,0,0,0,0,0,hw
34,36,34,31,32,0,0,121.92,100.0,force_main,0.2032,1e-05,0,0,0,0.2032,False,0.001,0,0,0,0,0,0,hw
35,37,35,30,18,0,0,152.4,100.0,force_main,0.2032,1e-05,0,0,0,0.2032,False,0.001,0,0,0,0,0,0,hw
36,38,36,27,33,0,0,152.4,100.0,force_main,0.2032,1e-05,0,0,0,0.2032,False,0.001,0,0,0,0,0,0,hw
37,39,37,33,28,0,0,304.8,100.0,force_main,0.2032,1e-05,0,0,0,0.2032,False,0.001,0,0,0,0,0,0,hw
38,40,38,26,33,0,0,213.36,100.0,force_main,0.2032,1e-05,0,0,0,0.2032,False,0.001,0,0,0,0,0,0,hw
39,41,39,26,34,0,0,91.44,100.0,force_main,0.2032,1e-05,0,0,0,0.2032,False,0.001,0,0,0,0,0,0,hw
