,1,2,3,4,5,6,7,8,9,10,11,12,13,14,15,16,17,18,19,20,21,22,23,24,25,26,27,28,29,30,31,32,34,35,36,37,38,39,40,41
0,0.042057443,0.034596406,0.0068250857,0.0057121743,0.0050762254,0.039036684,0.038639214,0.0011129112,0.037208326,0.00039746828,0.036095414,0.03333063,0.03205873,0.026388671,0.022413988,0.005511072,0.0010074074,0.0024451804,0.0018627146,0.0002728417,0.0014760186,0.0038156952,0.0011570072,-0.00011489127,0.0011483087,0.020373164,0.021247592,0.019737216,0.01639848,0.0028617715,0.0015103794,0.0008744301,0.0001623568,0.00023848095,0.000119240474,-0.0010785504,0.0001556178,0.00023848095,8.286315e-05,7.949365e-05
1800,0.042057443,0.034596406,0.0068250857,0.0057121743,0.0050762254,0.039036684,0.038639214,0.0011129112,0.037208326,0.00039746828,0.036095414,0.03333063,0.03205873,0.026388671,0.022413988,0.005511072,0.0010074074,0.0024451804,0.0018627146,0.0002728417,0.0014760186,0.0038156952,0.0011570072,-0.00011489126,0.0011483087,0.020373164,0.021247592,0.019737216,0.01639848,0.0028617715,0.0015103794,0.0008744301,0.00013794155,0.00023848095,0.000119240474,-0.0010785504,0.00018003305,0.00023848095,5.8447895e-05,7.949365e-05
3600,0.042057443,0.034772046,0.0067604864,0.0058418936,0.005316983,0.039564118,0.039236046,0.0009185933,0.038055,0.00032806906,0.037136406,0.034854356,0.033804536,0.027947545,0.024666855,0.005725763,-0.00034543092,0.0028037794,0.0011460723,-0.0001662039,0.0016097076,0.0031494629,0.00095499,-9.483087e-05,0.00094781036,0.024159307,0.02488106,0.023634396,0.020878617,0.0023620971,0.0012466623,0.00072175195,0.00011297086,0.00019684143,9.8420714e-05,-0.0012816387,0.00014948436,0.00019684143,4.735706e-05,6.5613815e-05
5400,0.042057443,0.034772046,0.0067604864,0.0058418936,0.005316983,0.039564118,0.039236046,0.0009185933,0.038055,0.00032806906,0.037136406,0.034854356,0.033804536,0.027947547,0.024666857,0.005725763,-0.0003454305,0.0028037792,0.0011460724,-0.0001662037,0.0016097075,0.0031494629,0.00095499,-9.483087e-05,0.00094781036,0.024159307,0.02488106,0.023634396,0.020878617,0.0023620971,0.0012466623,0.00072175195,0.00011297086,0.00019684143,9.8420714e-05,-0.0012816384,0.00014948436,0.00019684143,4.735706e-05,6.5613815e-05
7200,0.042057443,0.034828216,0.0067396457,0.0058828807,0.0053933007,0.039731935,0.03942595,0.0008567649,0.038324397,0.00030598746,0.037467632,0.03533918,0.03436002,0.028450675,0.0253908,0.0057869507,-0.0007687564,0.002910493,0.0009177867,-0.00030616322,0.001652508,0.0029374796,0.0008907119,-8.8448025e-05,0.0008840154,0.025363987,0.02603716,0.024874408,0.022304114,0.00220311,0.0011627524,0.0006731724,0.000105367064,0.00018359248,9.179624e-05,-0.0013465206,0.0001394229,0.00018359248,4.416957e-05,6.11975e-05
9000,0.042057443,0.034828216,0.0067396457,0.0058828807,0.0053933007,0.039731935,0.03942595,0.0008567649,0.038324397,0.00030598746,0.037467632,0.03533918,0.03436002,0.028450692,0.025390817,0.005786933,-0.0007687383,0.0029104794,0.0009177913,-0.00030615862,0.0016525035,0.0029374796,0.0008907119,-8.8448025e-05,0.0008840154,0.025363987,0.02603716,0.024874408,0.022304114,0.00220311,0.0011627524,0.0006731724,0.000105367064,0.00018359248,9.179624e-05,-0.0013465161,0.0001394229,0.00018359248,4.416957e-05,6.11975e-05
10800,0.042057443,0.034828216,0.0067396457,0.0058828807,0.0053933007,0.039731935,0.03942595,0.0008567649,0.038324397,0.00030598746,0.037467632,0.03533918,0.03436002,0.028450692,0.025390817,0.005786933,-0.0007687383,0.0029104794,0.0009177913,-0.00030615862,0.0016525035,0.0029374796,0.0008907119,-8.8448025e-05,0.0008840154,0.025363987,0.02603716,0.024874408,0.022304114,0.00220311,0.0011627524,0.0006731724,0.000105367064,0.00018359248,9.179624e-05,-0.0013465161,0.0001394229,0.00018359248,4.416957e-05,6.11975e-05
12600,0.042057443,0.034828216,0.0067396457,0.0058828807,0.0053933007,0.039731935,0.03942595,0.0008567649,0.038324397,0.00030598746,0.037467632,0.03533918,0.03436002,0.028450692,0.025390817,0.005786933,-0.0007687383,0.0029104794,0.0009177913,-0.00030615862,0.0016525035,0.0029374796,0.0008907119,-8.8448025e-05,0.0008840154,0.025363987,0.02603716,0.024874408,0.022304114,0.00220311,0.0011627524,0.0006731724,0.000105367064,0.00018359248,9.179624e-05,-0.0013465161,0.0001394229,0.00018359248,4.416957e-05,6.11975e-05
14400,0.042057443,0.034892578,0.00671566,0.005929556,0.0054803537,0.03992373,0.03964298,0.0007861039,0.038632274,0.00028075138,0.03784617,0.035893265,0.03499486,0.02905044,0.026242925,0.0058321194,-0.0012277967,0.0030148944,0.00066409225,-0.0004589133,0.0016942194,0.0026952133,0.0008172511,-8.115334e-05,0.00081110693,0.02674077,0.027358422,0.026291566,0.023933254,0.00202141,0.0010668553,0.0006176531,9.6676995e-05,0.00016845083,8.4225416e-05,-0.001413468,0.00012792411,0.00016845083,4.0526716e-05,5.615028e-05
16200,0.042057443,0.034892578,0.00671566,0.005929556,0.0054803537,0.03992373,0.03964298,0.0007861039,0.038632274,0.00028075138,0.03784617,0.035893265,0.03499486,0.029050453,0.02624294,0.0058321045,-0.0012277816,0.003014883,0.0006640958,-0.00045890972,0.0016942158,0.0026952133,0.0008172511,-8.115334e-05,0.00081110693,0.02674077,0.027358422,0.026291566,0.023933254,0.00202141,0.0010668553,0.0006176531,9.6676995e-05,0.00016845083,8.4225416e-05,-0.0014134643,0.00012792411,0.00016845083,4.052672e-05,5.615028e-05
18000,0.042057443,0.034652144,0.0068046805,0.0057535977,0.005152979,0.0392045,0.038829118,0.0010510827,0.037477724,0.00037538668,0.036426637,0.033815455,0.032614212,0.026909297,0.023155432,0.0055547613,0.0006015808,0.0025445528,0.0016445868,0.00014304,0.0015086614,0.0036037122,0.0010927289,-0.0001085084,0.0010845138,0.021577844,0.022403697,0.020977227,0.01782398,0.0027027843,0.0014264694,0.00082585064,0.00012926474,0.00022523201,0.000112616006,-0.0011332748,0.0001710446,0.00022523201,5.418741e-05,7.507733e-05
19800,0.042057443,0.034652144,0.0068046805,0.0057535977,0.005152979,0.0392045,0.038829118,0.0010510827,0.037477724,0.00037538668,0.036426637,0.033815455,0.032614212,0.026909297,0.023155432,0.0055547613,0.0006015808,0.0025445528,0.0016445869,0.00014304003,0.0015086614,0.0036037122,0.0010927289,-0.0001085084,0.0010845138,0.021577844,0.022403697,0.020977227,0.01782398,0.0027027843,0.0014264694,0.00082585064,0.00012926474,0.00022523201,0.000112616006,-0.0011332748,0.0001710446,0.00022523201,5.418741e-05,7.507733e-05
21600,0.027162096,0.021977684,0.0045383717,0.0034077957,0.0027617519,0.02409339,0.023689613,0.0011305764,0.022236014,0.0004037773,0.021105438,0.018296765,0.017004676,0.013016473,0.0089787,0.0038266927,0.0027952543,0.0012558129,0.0024359582,0.00082084927,0.00095577084,0.0038762619,0.0011753723,-0.00011671493,0.0011665359,0.0051336247,0.006021934,0.0044875806,0.0010958515,0.0029071965,0.0015343536,0.00088831,0.00013904106,0.00024226637,0.000121133184,-0.0005519935,0.00018398075,0.00024226637,5.8285623e-05,8.075545e-05
23400,0.027162096,0.021977684,0.0045383717,0.0034077957,0.0027617519,0.02409339,0.023689613,0.0011305764,0.022236014,0.0004037773,0.021105438,0.018296765,0.017004676,0.0130164735,0.008978701,0.0038266915,0.0027952557,0.001255826,0.002435973,0.00082086376,0.0009557563,0.0038762619,0.0011753723,-0.00011671493,0.0011665359,0.0051336247,0.006021934,0.0044875806,0.0010958515,0.0029071965,0.0015343536,0.00088831,0.00013904106,0.00024226637,0.000121133184,-0.000551979,0.00018398075,0.00024226637,5.8285623e-05,8.075545e-05
25200,-1.6096257e-08,-0.00063481467,0.0002966342,-0.00029515187,-0.00063331536,-0.0016062935,-0.0018176456,0.00059178605,-0.0025785135,0.00021135216,-0.0031702996,-0.004640465,-0.005316792,-0.006661767,-0.008775289,0.0012604339,0.0022057416,6.773819e-05,0.0014280711,0.0005826624,0.00034728713,0.0020289808,0.00061523396,-6.109297e-05,0.0006106086,-0.011530546,-0.011065571,-0.011868709,-0.013644068,0.0015217357,0.0008031382,0.0004649748,7.277931e-05,0.0001268113,6.340565e-05,-0.00013593498,9.630242e-05,0.0001268113,3.0508878e-05,4.2270436e-05
27000,6.1016005e-11,-0.00063479884,0.0002966354,-0.00029515065,-0.00063331414,-0.0016062764,-0.0018176287,0.00059178605,-0.0025784965,0.00021135216,-0.0031702826,-0.0046404484,-0.005316775,-0.006661752,-0.008775273,0.0012604356,0.0022057402,6.774158e-05,0.0014280729,0.0005826643,0.0003472853,0.0020289808,0.00061523396,-6.109297e-05,0.0006106086,-0.011530528,-0.011065554,-0.011868693,-0.01364405,0.0015217357,0.0008031382,0.0004649748,7.277931e-05,0.0001268113,6.340565e-05,-0.00013593315,9.630242e-05,0.0001268113,3.0508878e-05,4.2270436e-05
28800,9.408681e-09,-0.00063478434,0.00029663654,-0.0002951495,-0.00063331303,-0.0016062609,-0.0018176131,0.00059178605,-0.002578481,0.00021135216,-0.003170267,-0.0046404325,-0.0053167595,-0.006661738,-0.008775259,0.0012604371,0.0022057386,6.774305e-05,0.0014280728,0.00058266416,0.00034728542,0.0020289808,0.00061523396,-6.109297e-05,0.0006106086,-0.011530514,-0.011065538,-0.011868676,-0.013644035,0.0015217357,0.0008031382,0.0004649748,7.277931e-05,0.0001268113,6.340565e-05,-0.00013593325,9.630242e-05,0.0001268113,3.0508878e-05,4.2270436e-05
30600,2.2510531e-10,-0.0006347988,0.0002966354,-0.00029515065,-0.00063331414,-0.0016062764,-0.0018176285,0.00059178605,-0.0025784965,0.00021135216,-0.0031702826,-0.0046404484,-0.005316775,-0.006661752,-0.008775273,0.0012604356,0.0022057402,6.774159e-05,0.0014280729,0.0005826643,0.0003472853,0.0020289808,0.00061523396,-6.109297e-05,0.0006106086,-0.011530528,-0.011065554,-0.011868693,-0.01364405,0.0015217357,0.0008031382,0.0004649748,7.277931e-05,0.0001268113,6.340565e-05,-0.00013593315,9.630242e-05,0.0001268113,3.0508878e-05,4.2270436e-05
32400,3.3562356e-10,-0.0012695974,0.0005932708,-0.0005903013,-0.0012666283,-0.0032125525,-0.003635257,0.0011835721,-0.005156993,0.00042270432,-0.0063405647,-0.009280896,-0.01063355,-0.013323504,-0.017550545,0.002520871,0.0044114804,0.00013548319,0.0028561458,0.0011653285,0.0006945706,0.0040579615,0.0012304679,-0.00012218594,0.0012212172,-0.023061056,-0.022131108,-0.023737386,-0.0272881,0.0030434714,0.0016062764,0.0009299496,0.00014555862,0.0002536226,0.0001268113,-0.0002718663,0.00019260484,0.0002536226,6.1017756e-05,8.454087e-05
34200,-2.0404392e-09,-0.0012695985,0.00059327076,-0.0005903014,-0.0012666283,-0.0032125537,-0.0036352582,0.0011835721,-0.005156994,0.00042270432,-0.006340566,-0.009280897,-0.010633551,-0.013323504,-0.017550547,0.0025208709,0.0044114804,0.00013548309,0.0028561458,0.0011653285,0.0006945706,0.0040579615,0.0012304679,-0.00012218594,0.0012212172,-0.023061058,-0.022131108,-0.023737386,-0.027288102,0.0030434714,0.0016062764,0.0009299496,0.00014555862,0.0002536226,0.0001268113,-0.00027186627,0.00019260484,0.0002536226,6.1017756e-05,8.454087e-05
36000,-2.1489618e-10,-0.0023307556,0.0010891389,-0.0010836876,-0.002325303,-0.0058976733,-0.0066736825,0.0021728263,-0.009467316,0.00077600946,-0.011640143,-0.017038066,-0.019521296,-0.024459567,-0.03221966,0.0046278676,0.008098687,0.0002487227,0.005243372,0.0021393346,0.0012751073,0.0074496907,0.0022589187,-0.00022431149,0.002241936,-0.042335972,-0.040628754,-0.04357759,-0.05009607,0.0055872686,0.0029488357,0.0017072208,0.00026721958,0.00046560567,0.00023280283,-0.00049909775,0.000353588,0.00046560567,0.000112017675,0.0001552019
37800,-9.886154e-11,-0.002330755,0.0010891389,-0.0010836875,-0.0023253027,-0.0058976724,-0.006673682,0.0021728263,-0.009467316,0.00077600946,-0.011640143,-0.017038064,-0.019521294,-0.024459565,-0.03221966,0.0046278676,0.008098687,0.00024872276,0.005243372,0.0021393346,0.0012751073,0.0074496907,0.0022589187,-0.00022431149,0.002241936,-0.042335972,-0.040628754,-0.04357759,-0.05009607,0.0055872686,0.0029488357,0.0017072208,0.00026721958,0.00046560567,0.00023280283,-0.00049909775,0.000353588,0.00046560567,0.000112017675,0.0001552019
39600,2.010699e-11,-0.0009190373,0.00042945723,-0.00042730768,-0.0009168876,-0.0023255048,-0.0026314924,0.0008567649,-0.0037330473,0.00030598746,-0.004589812,-0.006718261,-0.0076974207,-0.009644626,-0.0127045,0.0018248097,0.003193385,9.8073615e-05,0.0020675086,0.0008435587,0.0005027862,0.0029374796,0.0008907119,-8.8448025e-05,0.0008840154,-0.016693454,-0.01602028,-0.017183032,-0.019753326,0.00220311,0.0011627524,0.0006731724,0.000105367064,0.00018359248,9.179624e-05,-0.0001967987,0.0001394229,0.00018359248,4.416957e-05,6.11975e-05
41400,-1.6096257e-08,-0.0009190545,0.0004294559,-0.000427309,-0.000916889,-0.0023255236,-0.0026315106,0.0008567649,-0.0037330657,0.00030598746,-0.004589831,-0.0067182793,-0.007697439,-0.009644642,-0.012704518,0.0018248078,0.0031933868,9.807187e-05,0.0020675086,0.0008435588,0.0005027861,0.0029374796,0.0008907119,-8.8448025e-05,0.0008840154,-0.016693471,-0.016020298,-0.01718305,-0.019753346,0.00220311,0.0011627524,0.0006731724,0.000105367064,0.00018359248,9.179624e-05,-0.00019679859,0.0001394229,0.00018359248,4.416957e-05,6.11975e-05
43200,0.03504787,0.028933868,0.0056496556,0.0048370534,0.00437271,0.032842234,0.032552022,0.00081260176,0.031507246,0.0002902149,0.030694645,0.02867591,0.027747221,0.022926789,0.02002464,0.004704345,5.5179687e-05,0.0022407745,0.0011350944,-2.5765137e-05,0.0013027109,0.0027860631,0.0008447989,-8.388885e-05,0.00083844765,0.019214904,0.019853376,0.018750558,0.016312754,0.0020895477,0.0011028167,0.0006384728,9.993577e-05,0.00017412895,8.706447e-05,-0.0010124958,0.00013223616,0.00017412895,4.189279e-05,5.8042984e-05
45000,0.03504787,0.028934008,0.005649517,0.004836915,0.004372571,0.032842234,0.032552022,0.00081260176,0.031507246,0.0002902149,0.030694645,0.02867591,0.027747221,0.022926789,0.02002464,0.004704345,5.517968e-05,0.0022407745,0.0011350944,-2.5765134e-05,0.0013027109,0.0027860631,0.0008447989,-8.388885e-05,0.00083844765,0.019214904,0.019853376,0.018750558,0.016312754,0.0020895477,0.0011028167,0.0006384728,9.993577e-05,0.00017412895,8.706447e-05,-0.0010124958,0.00013223616,0.00017412895,4.189279e-05,5.8042984e-05
46800,0.043809835,0.036546312,0.0069203153,0.0063196965,0.0059764856,0.042179585,0.041965075,0.00060061866,0.041192856,0.00021450668,0.040592235,0.039100125,0.038413707,0.032223154,0.030078089,0.0061047473,-0.002586838,0.0033837056,-6.115907e-05,-0.00091918575,0.0018630151,0.002059264,0.0006244165,-6.20048e-05,0.0006197221,0.032107208,0.032579124,0.031763997,0.029962143,0.0015444482,0.00081512536,0.0004719147,7.3865565e-05,0.000128704,6.4352e-05,-0.0016485085,9.773977e-05,0.000128704,3.0964235e-05,4.290133e-05
48600,0.043809835,0.036546312,0.0069203153,0.0063196965,0.0059764856,0.042179585,0.041965075,0.00060061866,0.041192856,0.00021450668,0.040592235,0.039100125,0.038413707,0.032223172,0.030078102,0.006104733,-0.0025868237,0.0033836935,-6.115658e-05,-0.0009191833,0.0018630127,0.002059264,0.0006244165,-6.20048e-05,0.0006197221,0.032107208,0.032579124,0.031763997,0.029962143,0.0015444482,0.00081512536,0.0004719147,7.3865565e-05,0.000128704,6.4352e-05,-0.001648506,9.773977e-05,0.000128704,3.0964235e-05,4.290133e-05
50400,0.043809835,0.035944674,0.007143407,0.005880341,0.005158589,0.040381514,0.03993042,0.0012630658,0.03830648,0.00045109494,0.03704341,0.033905596,0.03246209,0.026569277,0.022058325,0.005712378,0.0016855787,0.0024073173,0.0022885161,0.0004841365,0.0015006812,0.004330511,0.0013131114,-0.00013039245,0.0013032393,0.0191999,0.020192308,0.01847815,0.014688952,0.0032478834,0.0017141608,0.0009924088,0.00015533494,0.00027065695,0.00013532848,-0.0010495862,0.00020554099,0.00027065695,6.5115964e-05,9.021899e-05
52200,0.043809835,0.035944674,0.007143407,0.005880341,0.005158589,0.040381514,0.03993042,0.0012630658,0.03830648,0.00045109494,0.03704341,0.033905596,0.03246209,0.026569277,0.022058327,0.0057123774,0.0016855794,0.0024073205,0.0022885203,0.00048414062,0.0015006771,0.004330511,0.0013131114,-0.00013039245,0.0013032393,0.0191999,0.020192308,0.01847815,0.014688952,0.0032478834,0.0017141608,0.0009924088,0.00015533494,0.00027065695,0.00013532848,-0.0010495821,0.00020554099,0.00027065695,6.5115964e-05,9.021899e-05
54000,0.043809835,0.036603224,0.00689873,0.00635994,0.0060520596,0.042347405,0.042154983,0.0005387903,0.04146225,0.00019242513,0.04092346,0.03958495,0.03896919,0.032801438,0.030877188,0.00609078,-0.0029350084,0.0034375263,-0.00026718256,-0.001036883,0.0018835535,0.0018472811,0.0005601384,-5.5621957e-05,0.0005559273,0.03331189,0.033735227,0.033004012,0.03138764,0.0013854608,0.0007312154,0.00042333524,6.626175e-05,0.00011545507,5.7727535e-05,-0.0016911284,8.767832e-05,0.00011545507,2.7776741e-05,3.848502e-05
55800,0.043809835,0.036603224,0.00689873,0.00635994,0.0060520596,0.042347405,0.042154983,0.0005387903,0.04146225,0.00019242513,0.04092346,0.03958495,0.03896919,0.03280145,0.030877199,0.00609077,-0.002934998,0.0034375337,-0.0002671648,-0.0010368653,0.0018835358,0.0018472811,0.0005601384,-5.5621957e-05,0.0005559273,0.03331189,0.033735227,0.033004012,0.03138764,0.0013854608,0.0007312154,0.00042333524,6.626175e-05,0.00011545507,5.7727535e-05,-0.0016911105,8.767832e-05,0.00011545507,2.7776741e-05,3.848502e-05
57600,0.043809835,0.036848586,0.006804788,0.0065309764,0.006374513,0.043066632,0.04296884,0.00027381149,0.0426168,9.778981e-05,0.04234299,0.041662764,0.041349836,0.035360437,0.034382537,0.0059502837,-0.0043465304,0.003624584,-0.0011131056,-0.0015042648,0.0019345401,0.0009387821,0.0002846605,-2.8266895e-05,0.0002825204,0.038474813,0.038689952,0.03831835,0.03749692,0.0007040867,0.00037160126,0.00021513758,3.367401e-05,5.8673882e-05,2.9336941e-05,-0.0018367502,4.4557837e-05,5.8673882e-05,1.4116047e-05,1.9557961e-05
59400,0.043809835,0.036848586,0.006804788,0.0065309764,0.006374513,0.043066632,0.04296884,0.00027381149,0.0426168,9.778981e-05,0.04234299,0.041662764,0.041349836,0.035360713,0.03438282,0.005950004,-0.0043462506,0.0036244774,-0.0011129328,-0.0015040921,0.0019343672,0.0009387821,0.0002846605,-2.8266895e-05,0.0002825204,0.038474813,0.038689952,0.03831835,0.03749692,0.0007040867,0.00037160126,0.00021513758,3.367401e-05,5.8673882e-05,2.9336941e-05,-0.0018365774,4.4557837e-05,5.8673882e-05,1.4116047e-05,1.9557961e-05
61200,0.0065714754,0.004978184,0.0011996081,0.0005106631,0.000116980234,0.004701482,0.00445543,0.000688945,0.0035696437,0.0002460518,0.0028806985,0.0011691625,0.00038179665,-0.0016493582,-0.004109876,0.0019327342,0.002102515,0.00046802667,0.0015863347,0.00060212746,0.0004805003,0.0023620971,0.00071624253,-7.1123155e-05,0.0007108578,-0.0068521257,-0.0063108117,-0.007245809,-0.009312644,0.0017715727,0.0009349968,0.0005413139,8.4728155e-05,0.00014763107,7.3815536e-05,-0.00023444855,0.000112113274,0.00014763107,3.5517798e-05,4.9210357e-05
63000,0.0065714754,0.004978184,0.0011996081,0.0005106631,0.000116980234,0.004701482,0.00445543,0.000688945,0.0035696437,0.0002460518,0.0028806985,0.0011691625,0.00038179665,-0.0016493582,-0.004109876,0.0019327342,0.002102515,0.00046802688,0.0015863349,0.00060212775,0.0004805001,0.0023620971,0.00071624253,-7.1123155e-05,0.0007108578,-0.0068521257,-0.0063108117,-0.007245809,-0.009312644,0.0017715727,0.0009349968,0.0005413139,8.4728155e-05,0.00014763107,7.3815536e-05,-0.00023444832,0.000112113274,0.00014763107,3.5517798e-05,4.9210357e-05
64800,-2.0136065e-11,-0.00035056105,0.00016381405,-0.00016299316,-0.00034974015,-0.0008870482,-0.0010037652,0.00032680726,-0.0014239458,0.00011671687,-0.001750753,-0.0025626356,-0.0029361297,-0.0036788823,-0.0048460504,0.00069606595,0.0012180908,3.739616e-05,0.0007886194,0.00032175193,0.00019180229,0.001120482,0.00033975608,-3.3737906e-05,0.00033720175,-0.006367605,-0.0061108284,-0.006554352,-0.0075347745,0.0008403615,0.0004435241,0.00025677713,4.019156e-05,7.0030124e-05,3.5015062e-05,-7.508542e-05,5.3181935e-05,7.0030124e-05,1.6848187e-05,2.3343375e-05
66600,-1.6096257e-08,-0.00035057415,0.00016381255,-0.00016299468,-0.00034974166,-0.00088706287,-0.0010037797,0.00032680726,-0.0014239603,0.00011671687,-0.0017507676,-0.00256265,-0.0029361441,-0.0036788906,-0.0048460597,0.0006960599,0.0012180967,3.7408154e-05,0.0007886374,0.0003217699,0.00019178432,0.001120482,0.00033975608,-3.3737906e-05,0.00033720175,-0.00636762,-0.0061108433,-0.006554367,-0.0075347885,0.0008403615,0.0004435241,0.00025677713,4.019156e-05,7.0030124e-05,3.5015062e-05,-7.506745e-05,5.3181935e-05,7.0030124e-05,1.6848187e-05,2.3343375e-05
68400,-1.6096257e-08,-0.0006348129,0.00029663433,-0.00029515172,-0.0006333152,-0.0016062916,-0.0018176439,0.00059178605,-0.0025785116,0.00021135216,-0.0031702977,-0.0046404633,-0.0053167907,-0.0066617653,-0.008775287,0.0012604339,0.0022057416,6.7740155e-05,0.001428073,0.00058266433,0.0003472852,0.0020289808,0.00061523396,-6.109297e-05,0.0006106086,-0.011530544,-0.011065569,-0.011868708,-0.013644066,0.0015217357,0.0008031382,0.0004649748,7.277931e-05,0.0001268113,6.340565e-05,-0.00013593303,9.630242e-05,0.0001268113,3.0508878e-05,4.2270436e-05
70200,-2.0136065e-11,-0.00063479884,0.0002966354,-0.00029515068,-0.00063331414,-0.0016062764,-0.0018176287,0.00059178605,-0.0025784967,0.00021135216,-0.0031702826,-0.0046404484,-0.005316775,-0.006661752,-0.008775273,0.0012604356,0.0022057402,6.774158e-05,0.0014280729,0.0005826643,0.0003472853,0.0020289808,0.00061523396,-6.109297e-05,0.0006106086,-0.011530528,-0.011065554,-0.011868693,-0.01364405,0.0015217357,0.0008031382,0.0004649748,7.277931e-05,0.0001268113,6.340565e-05,-0.00013593315,9.630242e-05,0.0001268113,3.0508878e-05,4.2270436e-05
72000,-2.0136065e-11,-0.0011938009,0.0005578517,-0.0005550594,-0.0011910087,-0.0030207587,-0.003418227,0.0011129112,-0.0048491126,0.00039746828,-0.005962024,-0.008726813,-0.009998712,-0.012528071,-0.016502753,0.0023703715,0.004148108,0.00012739463,0.0026856295,0.0010957567,0.00065310375,0.0038156952,0.0011570072,-0.00011489126,0.0011483087,-0.021684278,-0.020809848,-0.022320228,-0.02565896,0.0028617715,0.0015103794,0.0008744301,0.00013686855,0.00023848095,0.000119240474,-0.00025563547,0.00018110605,0.00023848095,5.7374902e-05,7.949365e-05
73800,-1.6096257e-08,-0.0011938193,0.00055785023,-0.00055506086,-0.0011910101,-0.0030207785,-0.003418247,0.0011129112,-0.0048491326,0.00039746828,-0.0059620435,-0.008726833,-0.009998731,-0.012528088,-0.01650277,0.0023703694,0.00414811,0.00012739275,0.0026856298,0.0010957568,0.0006531036,0.0038156952,0.0011570072,-0.00011489126,0.0011483087,-0.021684298,-0.020809868,-0.022320246,-0.025658982,0.0028617715,0.0015103794,0.0008744301,0.00013686855,0.00023848095,0.000119240474,-0.0002556353,0.00018110605,0.00023848095,5.7374902e-05,7.949365e-05
75600,-1.6096257e-08,-0.0014780543,0.0006906723,-0.00068721763,-0.0014745834,-0.003740003,-0.0042321067,0.00137789,-0.0060036797,0.0004921036,-0.0073815696,-0.010804641,-0.012379373,-0.015510959,-0.020431992,0.0029347439,0.0051357546,0.00015772512,0.0033250654,0.0013566512,0.00080860447,0.0047241943,0.0014324851,-0.00014224631,0.0014217156,-0.026847217,-0.02576459,-0.027634583,-0.03176825,0.0035431455,0.0018699936,0.0010826278,0.00016945631,0.00029526214,0.00014763107,-0.00031650093,0.00022422655,0.00029526214,7.1035596e-05,9.8420714e-05
77400,6.1016005e-11,-0.0014780393,0.00069067354,-0.00068721647,-0.0014745821,-0.0037399873,-0.004232091,0.00137789,-0.0060036634,0.0004921036,-0.0073815533,-0.010804626,-0.012379357,-0.015510945,-0.020431979,0.0029347455,0.0051357527,0.00015772667,0.0033250654,0.0013566511,0.0008086046,0.0047241943,0.0014324851,-0.00014224631,0.0014217156,-0.026847202,-0.025764573,-0.027634567,-0.031768236,0.0035431455,0.0018699936,0.0010826278,0.00016945631,0.00029526214,0.00014763107,-0.00031650104,0.00022422655,0.00029526214,7.1035596e-05,9.8420714e-05
79200,9.687736e-11,-0.0011274786,0.00052685995,-0.0005242228,-0.0011248415,-0.0028529386,-0.0032283254,0.0010510827,-0.0045797173,0.00037538668,-0.0056308005,-0.00824199,-0.009443227,-0.011832067,-0.015585934,0.002238684,0.0039176573,0.00012031714,0.002536428,0.0010348813,0.0006168202,0.0036037122,0.0010927289,-0.0001085084,0.0010845138,-0.020479597,-0.019653745,-0.021080213,-0.024233462,0.0027027843,0.0014264694,0.00082585064,0.00012926474,0.00022523201,0.000112616006,-0.00024143347,0.0001710446,0.00022523201,5.418741e-05,7.507733e-05
81000,4.456777e-11,-0.0011274789,0.00052685995,-0.00052422285,-0.0011248415,-0.002852939,-0.0032283259,0.0010510827,-0.0045797178,0.00037538668,-0.005630801,-0.008241991,-0.009443228,-0.011832067,-0.015585934,0.002238684,0.0039176573,0.000120317105,0.002536428,0.0010348813,0.0006168202,0.0036037122,0.0010927289,-0.0001085084,0.0010845138,-0.020479597,-0.019653745,-0.021080215,-0.024233462,0.0027027843,0.0014264694,0.00082585064,0.00012926474,0.00022523201,0.000112616006,-0.00024143347,0.0001710446,0.00022523201,5.418741e-05,7.507733e-05
82800,2.8350699e-11,-0.0011938008,0.0005578517,-0.0005550594,-0.0011910087,-0.0030207587,-0.003418227,0.0011129112,-0.0048491126,0.00039746828,-0.005962024,-0.008726813,-0.009998712,-0.012528071,-0.016502753,0.0023703715,0.004148108,0.00012739463,0.0026856295,0.0010957567,0.00065310375,0.0038156952,0.0011570072,-0.00011489126,0.0011483087,-0.021684278,-0.020809848,-0.022320228,-0.02565896,0.0028617715,0.0015103794,0.0008744301,0.00013686855,0.00023848095,0.000119240474,-0.00025563547,0.00018110605,0.00023848095,5.7374902e-05,7.949365e-05
84600,0.0,-0.0011938245,0.0005578499,-0.0005550612,-0.0011910105,-0.0030207844,-0.0034182526,0.0011129112,-0.004849138,0.00039746828,-0.0059620496,-0.008726838,-0.009998737,-0.012528093,-0.016502775,0.002370369,0.0041481103,0.00012739222,0.0026856298,0.0010957569,0.0006531035,0.0038156952,0.0011570072,-0.00011489126,0.0011483087,-0.021684302,-0.020809874,-0.022320254,-0.025658986,0.0028617715,0.0015103794,0.0008744301,0.00013686855,0.00023848095,0.000119240474,-0.00025563527,0.00018110605,0.00023848095,5.7374902e-05,7.949365e-05
86400,0.02409541,0.019918049,0.0038745275,0.0033445698,0.0030417368,0.022656953,0.022467682,0.00052995764,0.021786308,0.00018927059,0.021256348,0.019939784,0.019334119,0.015982496,0.01408979,0.0032759134,-0.00017187551,0.0015993954,0.00067043764,-8.664479e-05,0.00091943546,0.0018169977,0.0005509558,-5.471012e-05,0.0005468137,0.013769562,0.014185957,0.013466729,0.011876856,0.0013627483,0.00071922824,0.0004163953,6.517551e-05,0.00011356235,5.6781177e-05,-0.0007301648,8.624098e-05,0.00011356235,2.7321385e-05,3.7854123e-05
