,119,121,122,123,124,125,126,127,130,137,138,139,141,142,143,144,145,146,147,148,149,150,151,1511,152,153,154,1541,1542,155,156,1561,1562,157,1571,158,1581,159,1591,160,161,1611,162,163,164,165,1651,166,167,168,169,171,172,1721,173,174,175,176,177,178,1781,179,180,181,182,183,1831,184,185,186,187,188,189,191,192,193,194,195,196,197,198,199,200,201,202,203,204,205,2051,206,207,2071,208,2081,209,210,2101,211,2111,212,213,2131,214,215,216,217,218,219,220,2201,221,2211,222,223,2231,224,2241,225,226,2261,2262,2263,2264,245,247,257
0,0.0023146563,2.7981763e-05,0.0022586929,3.710082e-05,0.0021936104,1.0220277e-08,1.0286667e-08,1.0286667e-08,1.8238117e-05,2.7981763e-05,-0.000104994084,7.7012315e-05,-0.00025901874,0.0021936104,0.0019345917,2.7981763e-05,0.001878628,3.710082e-05,0.0017953073,0.0017588312,0.0017217302,-1.8215245e-10,4.243759e-08,4.762187e-08,1.2929908e-08,1.4700148e-08,0.0017217597,0.0017217597,0.0017217597,0.0011269461,0.0005948136,0.0005948136,0.0005948136,0.0004898195,0.0004898195,0.00026712727,0.00026712727,9.1003196e-05,9.1003196e-05,1.4700148e-08,-7.113e-05,7.113e-05,0.00020840419,0.00024226829,0.00033991493,-0.0002365048,-0.0002365048,0.00016741578,-0.000121072386,0.000327508,-0.00044858042,7.7012315e-05,-1.4140011e-05,-1.4140011e-05,-2.3941764e-05,-0.0001709085,0.00023782079,-0.0005767448,0.00067372347,0.0001225519,0.0001225519,-7.344538e-05,0.0004461775,0.00026080504,0.00026080504,0.000104994084,0.000104994084,5.527648e-05,-0.00013044002,6.508187e-05,3.710082e-05,-4.4252513e-09,-0.00027946717,-0.0003564795,-0.00038446125,-0.00048948626,-0.00048948626,-0.002860472,0.002370986,0.00230659,0.0014998295,0.0001957545,0.00030731378,0.0017634442,0.00027467377,0.00034755995,0.00071575755,0.00031744054,0.00031744054,0.00018427607,-0.00014524028,-0.00014524028,4.6219884e-05,4.6219884e-05,5.4964446e-05,1.7655104e-05,1.7655104e-05,6.402051e-05,6.402051e-05,-0.0001656209,0.00027815346,0.00027815346,-0.00022588599,0.0006510062,-0.000902967,-0.002860472,-0.0030564691,-0.005700099,2.1529377e-05,2.1529377e-05,0.0026436297,0.0026436297,0.0023146563,0.0003289731,0.0003289731,0.000104994084,0.000104994084,7.7012315e-05,0.006246056,0.006246056,0.006246056,0.006246056,0.006246056,-9.1003196e-05,-0.00019599727,0.0
1800,0.0023146756,2.7981763e-05,0.0022587122,3.710082e-05,0.0021936297,-5.5330074e-09,-3.2650582e-09,-3.2650582e-09,1.8238117e-05,2.7981763e-05,-0.000104994084,7.7012315e-05,-0.00025901874,0.0021936297,0.001934611,2.7981763e-05,0.0018786474,3.710082e-05,0.0017953267,0.0017588504,0.0017217497,-1.6096257e-08,-1.2378371e-08,-1.1471212e-08,-5.3712426e-09,-3.747006e-09,0.0017217372,0.0017217372,0.0017217372,0.0011269412,0.00059479603,0.00059479603,0.00059479603,0.0004898019,0.0004898019,0.00026712727,0.00026712727,9.1003196e-05,9.1003196e-05,-3.747006e-09,-7.113001e-05,7.113001e-05,0.00020840461,0.00024226871,0.00033991615,-0.00023650561,-0.00023650561,0.00016739818,-0.0001210904,0.0003275088,-0.00044859925,7.7012315e-05,-1.4138006e-05,-1.4138006e-05,-2.3943305e-05,-0.00017091003,0.0002378228,-0.00057674834,0.00067371345,0.0001225509,0.0001225509,-7.3446376e-05,0.00044616853,0.00026079506,0.00026079506,0.000104994084,0.000104994084,5.527648e-05,-0.00013044997,6.5082306e-05,3.710082e-05,-2.331597e-10,-0.0002794776,-0.0003564899,-0.00038447167,-0.0004894877,-0.0004894877,-0.0028604858,0.0023709983,0.0023066027,0.0014998385,0.00019575929,0.0003073156,0.0017634566,0.00027467578,0.0003475634,0.000715761,0.00031744214,0.00031744214,0.00018427667,-0.00014524187,-0.00014524187,4.6219884e-05,4.6219884e-05,5.49646e-05,1.7654667e-05,1.7654667e-05,6.402036e-05,6.402036e-05,-0.00016562032,0.00027815148,0.00027815148,-0.00022588321,0.00065100135,-0.0009029622,-0.0028604858,-0.003056483,-0.005700132,2.1527945e-05,2.1527945e-05,0.002643649,0.002643649,0.0023146756,0.0003289731,0.0003289731,0.000104994084,0.000104994084,7.7012315e-05,0.0062460885,0.0062460885,0.0062460885,0.0062460885,0.0062460885,-9.1003196e-05,-0.00019599727,1.6096257e-08
3600,0.0023146714,2.7981763e-05,0.002258708,3.710082e-05,0.0021936253,-5.011686e-09,-3.4348258e-09,-3.4348258e-09,1.8238117e-05,2.7981763e-05,-0.000104994084,7.7012315e-05,-0.00025901874,0.0021936253,0.0019346067,2.7981763e-05,0.0018786432,3.710082e-05,0.0017953224,0.0017588462,0.0017217455,-3.9594641e-10,-1.6767574e-08,-1.29305775e-08,-5.6042784e-09,-6.369276e-09,0.0017217351,0.0017217351,0.0017217351,0.0011269408,0.0005947943,0.0005947943,0.0005947943,0.0004898002,0.0004898002,0.0002671273,0.0002671273,9.1003196e-05,9.1003196e-05,-6.369276e-09,-7.113001e-05,7.113001e-05,0.00020840467,0.00024226874,0.0003399163,-0.00023650569,-0.00023650569,0.0001673964,-0.00012109222,0.0003275089,-0.0004486011,7.7012315e-05,-1.4137802e-05,-1.4137802e-05,-2.394346e-05,-0.00017091018,0.00023782301,-0.0005767487,0.00067370734,0.0001225503,0.0001225503,-7.344698e-05,0.00044616297,0.00026078892,0.00026078892,0.000104994084,0.000104994084,5.527648e-05,-0.00013045612,6.5084256e-05,3.710082e-05,-1.07263545e-10,-0.00027948566,-0.000356498,-0.00038447976,-0.00048948626,-0.00048948626,-0.0028604805,0.0023709943,0.0023065987,0.0014998356,0.00019575977,0.00030731503,0.0017634527,0.000274676,0.0003475623,0.0007157599,0.00031744165,0.00031744165,0.00018427672,-0.00014524136,-0.00014524136,4.6219884e-05,4.6219884e-05,5.4964617e-05,1.7654624e-05,1.7654624e-05,6.402034e-05,6.402034e-05,-0.00016562027,0.00027815127,0.00027815127,-0.00022588293,0.0006510009,-0.00090296176,-0.0028604805,-0.0030564778,-0.0057001226,2.1527801e-05,2.1527801e-05,0.0026436446,0.0026436446,0.0023146714,0.0003289731,0.0003289731,0.000104994084,0.000104994084,7.7012315e-05,0.0062460788,0.0062460788,0.0062460788,0.0062460788,0.0062460788,-9.1003196e-05,-0.00019599727,1.6096257e-08
5400,0.0023146803,2.7981763e-05,0.0022587166,3.710082e-05,0.0021936342,-2.3055922e-09,-1.580168e-09,-1.580168e-09,1.8238114e-05,2.7981763e-05,-0.000104994084,7.7012315e-05,-0.00025901874,0.0021936342,0.0019346155,2.7981763e-05,0.0018786518,3.710082e-05,0.0017953311,0.001758855,0.0017217541,1.4787389e-08,-9.0291925e-09,-5.9486243e-09,-2.5782103e-09,-2.9301421e-09,0.0017217429,0.0017217429,0.0017217429,0.0011269425,0.00059480045,0.00059480045,0.00059480045,0.00048980635,0.00048980635,0.00026712727,0.00026712727,9.1003196e-05,9.1003196e-05,-2.9301421e-09,-7.113001e-05,7.113001e-05,0.00020840451,0.00024226861,0.00033991586,-0.0002365054,-0.0002365054,0.00016740261,-0.00012108587,0.00032750863,-0.00044859448,7.7012315e-05,-1.4138511e-05,-1.4138511e-05,-2.3942917e-05,-0.00017090964,0.00023782229,-0.00057674746,0.00067372393,0.00012255194,0.00012255194,-7.3445335e-05,0.00044617793,0.0002608055,0.0002608055,0.000104994084,0.000104994084,5.527648e-05,-0.00013043954,6.508499e-05,3.710082e-05,4.239146e-09,-0.00027946985,-0.00035648214,-0.0003844639,-0.0004894897,-0.0004894897,-0.0028604926,0.002371003,0.0023066073,0.0014998419,0.00019575808,0.0003073163,0.0017634614,0.00027467526,0.00034756472,0.00071576226,0.00031744275,0.00031744275,0.00018427652,-0.00014524248,-0.00014524248,4.6219884e-05,4.6219884e-05,5.4964563e-05,1.7654775e-05,1.7654775e-05,6.4020394e-05,6.4020394e-05,-0.00016562048,0.00027815197,0.00027815197,-0.0002258839,0.00065100257,-0.00090296345,-0.0028604926,-0.0030564899,-0.005700143,2.1528305e-05,2.1528305e-05,0.0026436534,0.0026436534,0.0023146803,0.0003289731,0.0003289731,0.000104994084,0.000104994084,7.7012315e-05,0.0062461,0.0062461,0.0062461,0.0062461,0.0062461,-9.1003196e-05,-0.00019599727,1.6096257e-08
7200,-0.010150208,8.055357e-05,-0.010311314,0.0001068054,-0.010498673,0.00946353,0.00946353,0.00946353,5.2503663e-05,8.055357e-05,-0.0003022557,0.00022170212,-0.00074565987,-0.010498673,-0.011244333,8.055357e-05,-0.01140544,0.0001068054,-0.011645303,-0.01175031,-0.011857116,0.028390588,0.028390588,0.028390588,0.00946353,0.00946353,0.016533475,0.016533475,0.016533475,0.0072027044,0.00933077,0.00933077,0.00933077,0.009028514,0.009028514,0.0013688826,0.0013688826,0.00026197892,0.00026197892,0.00946353,-0.0008046481,0.0008046481,0.0012037611,0.0007013688,0.00018064478,0.0007208607,0.0007208607,0.0075005023,0.0066660764,-0.00045888184,0.007124958,0.00022170212,-0.0015683196,-0.0015683196,0.0015640308,0.0011409448,-0.0008429779,0.0015002416,0.003660428,0.00059538276,0.00059538276,3.1148193e-05,0.0027627896,0.0024717236,0.0024717236,0.0003022557,0.0003022557,0.00015912925,0.0013454121,0.00018735905,0.0001068054,1.2108693e-10,0.0009163924,0.0006946903,0.0006141367,0.0003118487,0.0003118487,0.003342256,-0.003030407,-0.0032157882,-0.0030043663,-0.00339493,-0.0005683566,-0.0047793905,-0.001072613,-0.0015333637,-0.00047340104,-0.0001670233,-0.0001670233,-0.00053635053,0.0006627514,0.0006627514,0.00013305724,0.00013305724,-0.00038195727,0.0005774793,0.0005774793,0.0007244898,0.0007244898,-0.0015436298,0.0026640855,0.0026640855,-0.0027454032,0.0058325743,-0.0065579163,0.003342256,0.0027780214,0.011981185,0.0008584768,0.0008584768,-0.009203164,-0.009203164,-0.010150208,0.0009470439,0.0009470439,0.0003022557,0.0003022557,0.00022170212,-0.010409491,-0.010409491,-0.010409491,-0.010409491,-0.010409491,-0.00026197892,-0.00056423456,1.6096257e-08
9000,-0.010150212,8.055356e-05,-0.010311319,0.0001068054,-0.010498677,0.00946353,0.00946353,0.00946353,5.2503663e-05,8.055357e-05,-0.0003022557,0.00022170212,-0.00074565987,-0.010498677,-0.011244338,8.055357e-05,-0.011405445,0.0001068054,-0.011645308,-0.011750313,-0.01185712,0.028390588,0.028390588,0.028390588,0.00946353,0.00946353,0.01653347,0.01653347,0.01653347,0.0072027235,0.009330747,0.009330747,0.009330747,0.009028491,0.009028491,0.0013688438,0.0013688438,0.00026197892,0.00026197892,0.00946353,-0.00080460915,0.00080460915,0.0012036663,0.00070131285,0.00018050207,0.0007209085,0.0007209085,0.0075005176,0.0066661476,-0.0004589296,0.007125078,0.00022170212,-0.0015683166,-0.0015683166,0.0015639102,0.001140824,-0.0008429748,0.0015001179,0.0036604237,0.0005953819,0.0005953819,3.114728e-05,0.002762786,0.002471719,0.002471719,0.0003022557,0.0003022557,0.00015912925,0.0013454076,0.00018736298,0.0001068054,3.9233887e-09,0.00091638387,0.0006946818,0.0006141282,0.00031184338,0.00031184338,0.0033422506,-0.0030304072,-0.0032157882,-0.003004367,-0.003394949,-0.0005683574,-0.0047793905,-0.001072619,-0.0015333628,-0.0004734001,-0.00016702162,-0.00016702162,-0.000536343,0.0006627497,0.0006627497,0.00013305724,0.00013305724,-0.00038193958,0.0005774895,0.0005774895,0.00072447205,0.00072447205,-0.0015436222,0.0026640913,0.0026640913,-0.0027454162,0.0058325934,-0.0065579354,0.0033422506,0.0027780163,0.011981184,0.0008584901,0.0008584901,-0.009203168,-0.009203168,-0.010150212,0.0009470439,0.0009470439,0.0003022557,0.0003022557,0.00022170212,-0.01040949,-0.01040949,-0.01040949,-0.01040949,-0.01040949,-0.00026197892,-0.00056423456,1.6096257e-08
10800,-0.021637157,0.00013284273,-0.02190284,0.00017613522,-0.022211818,0.01892706,0.01892706,0.01892706,8.6584994e-05,0.00013284273,-0.0004984567,0.00036561402,-0.0012296848,-0.022211818,-0.023441503,0.00013284273,-0.023707189,0.00017613522,-0.024102751,-0.024275921,-0.024452057,0.056781176,0.056781176,0.056781176,0.01892706,0.01892706,0.032329123,0.032329123,0.032329123,0.013725967,0.018603155,0.018603155,0.018603155,0.018104699,0.018104699,0.0025568719,0.0025568719,0.00043203536,0.00043203536,0.01892706,-0.0016263798,0.0016263798,0.002192817,0.0010648939,-0.00020934887,0.0019037091,0.0019037091,0.015285403,0.014001081,-0.0014716737,0.015472756,0.00036561402,-0.0032693418,-0.0032693418,0.003236858,0.002539137,-0.002073164,0.0038146519,0.0069682086,0.0011303895,0.0011303895,0.00019989743,0.005339362,0.0050078887,0.0050078887,0.0004984567,0.0004984567,0.00026242368,0.0031504626,0.00030897683,0.00017613522,4.382263e-11,0.0024429578,0.0020773436,0.001944501,0.0014460344,0.0014460344,0.010575228,-0.009129194,-0.00943491,-0.007934545,-0.0074464795,-0.0015490493,-0.012013482,-0.002635449,-0.003680409,-0.0019324003,-0.00081538653,-0.00081538653,-0.001394763,0.0016329031,0.0016329031,0.0002194277,0.0002194277,-0.00088717835,0.0012053055,0.0012053055,0.0014520566,0.0014520566,-0.00305589,0.0052599823,0.0052599823,-0.0055087516,0.011466455,-0.012662632,0.010575228,0.009644737,0.029720102,0.0017720568,0.0017720568,-0.020075364,-0.020075364,-0.021637157,0.0015617916,0.0015617916,0.0004984567,0.0004984567,0.00036561402,-0.027128182,-0.027128182,-0.027128182,-0.027128182,-0.027128182,-0.00043203536,-0.0009304921,0.0
12600,-0.02163715,0.00013284273,-0.021902835,0.00017613522,-0.022211812,0.01892706,0.01892706,0.01892706,8.6584994e-05,0.00013284273,-0.0004984567,0.00036561402,-0.0012296848,-0.022211812,-0.023441497,0.00013284273,-0.023707185,0.00017613522,-0.024102746,-0.024275916,-0.02445205,0.056781176,0.056781176,0.056781176,0.01892706,0.01892706,0.03232913,0.03232913,0.03232913,0.01372597,0.018603161,0.018603161,0.018603161,0.018104702,0.018104702,0.002556872,0.002556872,0.00043203536,0.00043203536,0.01892706,-0.0016263803,0.0016263803,0.0021928172,0.0010648936,-0.00020934954,0.0019037097,0.0019037097,0.015285407,0.0140010845,-0.0014716745,0.015472759,0.00036561402,-0.0032693425,-0.0032693425,0.0032368586,0.0025391376,-0.0020731653,0.0038146537,0.006968203,0.0011303856,0.0011303856,0.0001998934,0.0053393603,0.005007883,0.005007883,0.0004984567,0.0004984567,0.00026242368,0.0031504573,0.0003089975,0.00017613522,9.2145465e-09,0.0024429315,0.0020773178,0.001944475,0.0014459764,0.0014459764,0.010575182,-0.009129206,-0.009434921,-0.007934554,-0.0074464823,-0.001549051,-0.012013493,-0.0026354503,-0.0036804122,-0.0019324034,-0.00081538793,-0.00081538793,-0.0013947636,0.0016329044,0.0016329044,0.0002194277,0.0002194277,-0.0008871787,0.0012053059,0.0012053059,0.0014520568,0.0014520568,-0.0030558908,0.0052599837,0.0052599837,-0.005508753,0.0114664575,-0.012662635,0.010575182,0.00964469,0.029720047,0.0017720573,0.0017720573,-0.020075358,-0.020075358,-0.02163715,0.0015617916,0.0015617916,0.0004984567,0.0004984567,0.00036561402,-0.027128132,-0.027128132,-0.027128132,-0.027128132,-0.027128132,-0.00043203536,-0.0009304921,3.2192514e-08
14400,-0.02266131,0.000113905575,-0.022889122,0.00015102659,-0.023154054,0.01892706,0.01892706,0.01892706,7.424203e-05,0.000113905575,-0.00042740017,0.0003134946,-0.0010543893,-0.023154054,-0.024208441,0.000113905575,-0.024436254,0.00015102659,-0.024775425,-0.02492391,-0.025074938,0.056781176,0.056781176,0.056781176,0.01892706,0.01892706,0.03170624,0.03170624,0.03170624,0.013211062,0.01849518,0.01849518,0.01849518,0.018067779,0.018067779,0.0024322108,0.0024322108,0.00037044738,0.00037044738,0.01892706,-0.0016343634,0.0016343634,0.0020081257,0.0008011623,-0.0005717867,0.0021525123,0.0021525123,0.015410555,0.014421243,-0.0017820649,0.016203308,0.0003134946,-0.003336447,-0.003336447,0.0032917673,0.0026935088,-0.0023107883,0.0043203556,0.0066307555,0.0010678237,0.0010678237,0.00026997627,0.005135531,0.004949885,0.004949885,0.00042740017,0.00042740017,0.00022501436,0.003357241,0.00026493226,0.00015102659,8.549849e-11,0.0027505923,0.0024370977,0.0023231923,0.0018957715,0.0018957715,0.013053422,-0.01115765,-0.011419785,-0.009225099,-0.007826736,-0.0018217764,-0.013630774,-0.0029330305,-0.0040639574,-0.002565133,-0.0011138038,-0.0011138038,-0.0015898816,0.0018147806,0.0018147806,0.0001881476,0.0001881476,-0.00095828436,0.0012298557,0.0012298557,0.0014426374,0.0014426374,-0.0030142097,0.0051834285,0.0051834285,-0.005491964,0.01127365,-0.0122993095,0.013053422,0.012255574,0.03357773,0.0017987712,0.0017987712,-0.021322155,-0.021322155,-0.02266131,0.0013391532,0.0013391532,0.00042740017,0.00042740017,0.0003134946,-0.0313553,-0.0313553,-0.0313553,-0.0313553,-0.0313553,-0.00037044738,-0.0007978475,1.6096257e-08
16200,-0.022661313,0.000113905575,-0.022889126,0.00015102659,-0.023154058,0.01892706,0.01892706,0.01892706,7.424203e-05,0.000113905575,-0.00042740017,0.0003134946,-0.0010543893,-0.023154058,-0.024208445,0.000113905575,-0.024436256,0.00015102659,-0.024775432,-0.024923915,-0.02507494,0.056781176,0.056781176,0.056781176,0.01892706,0.01892706,0.031706236,0.031706236,0.031706236,0.01321106,0.018495176,0.018495176,0.018495176,0.018067775,0.018067775,0.0024322106,0.0024322106,0.00037044738,0.00037044738,0.01892706,-0.0016343632,0.0016343632,0.0020081257,0.0008011625,-0.00057178637,0.0021525116,0.0021525116,0.015410552,0.014421241,-0.0017820643,0.016203307,0.0003134946,-0.0033364466,-0.0033364466,0.0032917666,0.0026935083,-0.0023107878,0.004320354,0.0066307425,0.0010678219,0.0010678219,0.00026997438,0.0051355204,0.004949873,0.004949873,0.00042740017,0.00042740017,0.00022501436,0.0033572286,0.00026492955,0.00015102659,3.9333e-11,0.0027505823,0.0024370877,0.002323182,0.0018957765,0.0018957765,0.013053435,-0.011157658,-0.011419794,-0.009225106,-0.007826734,-0.0018217778,-0.013630782,-0.0029330298,-0.00406396,-0.0025651352,-0.0011138049,-0.0011138049,-0.0015898813,0.0018147817,0.0018147817,0.0001881476,0.0001881476,-0.0009582843,0.0012298555,0.0012298555,0.0014426372,0.0014426372,-0.0030142094,0.0051834276,0.0051834276,-0.005491963,0.0112736495,-0.012299309,0.013053435,0.012255587,0.033577744,0.001798771,0.001798771,-0.02132216,-0.02132216,-0.022661313,0.0013391532,0.0013391532,0.00042740017,0.00042740017,0.0003134946,-0.031355318,-0.031355318,-0.031355318,-0.031355318,-0.031355318,-0.00037044738,-0.0007978475,1.6096257e-08
18000,-0.02266131,0.000113905575,-0.022889122,0.00015102659,-0.023154056,0.01892706,0.01892706,0.01892706,7.424203e-05,0.000113905575,-0.00042740017,0.0003134946,-0.0010543893,-0.023154056,-0.024208441,0.000113905575,-0.024436254,0.00015102659,-0.024775429,-0.024923911,-0.025074938,0.056781176,0.056781176,0.056781176,0.01892706,0.01892706,0.03170624,0.03170624,0.03170624,0.013211062,0.018495178,0.018495178,0.018495178,0.018067777,0.018067777,0.0024322108,0.0024322108,0.00037044738,0.00037044738,0.01892706,-0.0016343634,0.0016343634,0.0020081257,0.0008011624,-0.00057178666,0.002152512,0.002152512,0.015410554,0.014421243,-0.0017820647,0.016203308,0.0003134946,-0.003336447,-0.003336447,0.0032917673,0.0026935088,-0.0023107883,0.004320355,0.0066307522,0.0010678234,0.0010678234,0.00026997592,0.005135529,0.0049498826,0.0049498826,0.00042740017,0.00042740017,0.00022501436,0.0033572388,0.00026492454,0.00015102659,-1.0063212e-08,0.0027505977,0.002437103,0.0023231974,0.0018957723,0.0018957723,0.013053424,-0.011157651,-0.011419787,-0.009225101,-0.007826736,-0.0018217767,-0.013630776,-0.0029330302,-0.004063958,-0.0025651334,-0.0011138039,-0.0011138039,-0.0015898816,0.0018147809,0.0018147809,0.0001881476,0.0001881476,-0.00095828436,0.0012298557,0.0012298557,0.0014426373,0.0014426373,-0.0030142097,0.005183428,0.005183428,-0.0054919636,0.01127365,-0.0122993095,0.013053424,0.012255576,0.033577733,0.0017987712,0.0017987712,-0.021322157,-0.021322157,-0.02266131,0.0013391532,0.0013391532,0.00042740017,0.00042740017,0.0003134946,-0.031355303,-0.031355303,-0.031355303,-0.031355303,-0.031355303,-0.00037044738,-0.0007978475,1.6096257e-08
19800,-0.02266131,0.000113905575,-0.02288912,0.00015102659,-0.023154054,0.01892706,0.01892706,0.01892706,7.424203e-05,0.000113905575,-0.00042740017,0.0003134946,-0.0010543893,-0.023154054,-0.02420844,0.000113905575,-0.024436252,0.00015102659,-0.024775425,-0.02492391,-0.025074938,0.056781176,0.056781176,0.056781176,0.01892706,0.01892706,0.031706244,0.031706244,0.031706244,0.013211062,0.01849518,0.01849518,0.01849518,0.018067779,0.018067779,0.002432211,0.002432211,0.00037044738,0.00037044738,0.01892706,-0.0016343634,0.0016343634,0.0020081257,0.0008011623,-0.00057178683,0.0021525123,0.0021525123,0.015410555,0.014421243,-0.0017820649,0.016203308,0.0003134946,-0.003336447,-0.003336447,0.0032917676,0.002693509,-0.0023107883,0.0043203556,0.0066307574,0.0010678241,0.0010678241,0.00026997656,0.005135533,0.0049498873,0.0049498873,0.00042740017,0.00042740017,0.00022501436,0.0033572433,0.00026493217,0.00015102659,2.550868e-11,0.0027505944,0.0024370998,0.0023231944,0.0018957709,0.0018957709,0.013053419,-0.011157649,-0.011419783,-0.009225098,-0.007826736,-0.0018217763,-0.013630773,-0.0029330307,-0.004063957,-0.0025651327,-0.0011138037,-0.0011138037,-0.0015898816,0.0018147805,0.0018147805,0.0001881476,0.0001881476,-0.00095828454,0.0012298558,0.0012298558,0.0014426374,0.0014426374,-0.0030142097,0.0051834285,0.0051834285,-0.005491964,0.01127365,-0.01229931,0.013053419,0.012255572,0.033577725,0.0017987712,0.0017987712,-0.021322155,-0.021322155,-0.02266131,0.0013391532,0.0013391532,0.00042740017,0.00042740017,0.0003134946,-0.031355295,-0.031355295,-0.031355295,-0.031355295,-0.031355295,-0.00037044738,-0.0007978475,1.6096257e-08
21600,-0.026097579,5.7942038e-05,-0.026213463,7.682494e-05,-0.026348231,0.01892706,0.01892706,0.01892706,3.7765796e-05,5.7942038e-05,-0.00021741197,0.00015946996,-0.0005363518,-0.026348231,-0.026884582,5.7942038e-05,-0.027000466,7.682494e-05,-0.027172998,-0.02724853,-0.027325355,0.056781176,0.056781176,0.056781176,0.01892706,0.01892706,0.029455826,0.029455826,0.029455826,0.011488604,0.01796722,0.01796722,0.01796722,0.017749809,0.017749809,0.0021410517,0.0021410517,0.00018844096,0.00018844096,0.01892706,-0.0017351988,0.0017351988,0.0012803283,-0.00023745843,-0.0015752048,0.0026381211,0.0026381211,0.015494296,0.015636045,-0.0024496801,0.018085726,0.00015946996,-0.0034621886,-0.0034621886,0.003393475,0.00308915,-0.0029404515,0.0056816903,0.005438442,0.00083310454,0.00083310454,0.00042725157,0.004387925,0.0045834086,0.0045834086,0.00021741197,0.00021741197,0.00011446139,0.0037732548,0.00013476935,7.682494e-05,-2.9365812e-11,0.0034646592,0.0033051893,0.0032472473,0.0030298023,0.0030298023,0.019967392,-0.016937591,-0.017070934,-0.012920566,-0.008749679,-0.00259465,-0.018195631,-0.003706654,-0.005101239,-0.0043388093,-0.0019326002,-0.0019326002,-0.0020952264,0.0022891765,0.0022891765,9.570784e-05,9.570784e-05,-0.0011287244,0.0012708271,0.0012708271,0.0013751073,0.0013751073,-0.0028197607,0.004851397,0.004851397,-0.0053473497,0.010503072,-0.011024809,0.019967392,0.019561538,0.04497791,0.001843196,0.001843196,-0.025416372,-0.025416372,-0.026097579,0.00068120693,0.00068120693,0.00021741197,0.00021741197,0.00015946996,-0.043847397,-0.043847397,-0.043847397,-0.043847397,-0.043847397,-0.00018844096,-0.00040585294,1.6096257e-08
23400,-0.026097588,5.7942038e-05,-0.02621347,7.682494e-05,-0.026348239,0.01892706,0.01892706,0.01892706,3.7765796e-05,5.7942038e-05,-0.00021741197,0.00015946996,-0.0005363518,-0.026348239,-0.026884591,5.7942038e-05,-0.027000474,7.682494e-05,-0.027173009,-0.027248539,-0.027325366,0.056781176,0.056781176,0.056781176,0.01892706,0.01892706,0.029455815,0.029455815,0.029455815,0.011488593,0.017967224,0.017967224,0.017967224,0.01774981,0.01774981,0.002140981,0.002140981,0.00018844096,0.00018844096,0.01892706,-0.0017351279,0.0017351279,0.0012803883,-0.00023732761,-0.0015751817,0.002638158,0.002638158,0.015494368,0.015635988,-0.002449717,0.018085705,0.00015946996,-0.0034621945,-0.0034621945,0.0033934808,0.0030891558,-0.0029404575,0.0056817024,0.005438418,0.00083310105,0.00083310105,0.00042724804,0.004387906,0.0045833853,0.0045833853,0.00021741197,0.00021741197,0.00011446139,0.0037732318,0.0001347599,7.682494e-05,-1.2944994e-08,0.0034646455,0.0033051756,0.0032472336,0.0030298072,0.0030298072,0.01996741,-0.016937604,-0.017070947,-0.012920575,-0.0087496685,-0.0025946521,-0.018195644,-0.0037066492,-0.0051012426,-0.004338813,-0.0019326019,-0.0019326019,-0.0020952234,0.002289178,0.002289178,9.570784e-05,9.570784e-05,-0.0011287229,0.0012708255,0.0012708255,0.0013751059,0.0013751059,-0.0028197574,0.0048513925,0.0048513925,-0.0053473436,0.010503061,-0.011024797,0.01996741,0.019561559,0.044977937,0.0018431938,0.0018431938,-0.025416382,-0.025416382,-0.026097588,0.00068120693,0.00068120693,0.00021741197,0.00021741197,0.00015946996,-0.043847423,-0.043847423,-0.043847423,-0.043847423,-0.043847423,-0.00018844096,-0.00040585294,1.6096257e-08
25200,-0.026097585,5.7942038e-05,-0.026213467,7.682494e-05,-0.026348233,0.01892706,0.01892706,0.01892706,3.7765796e-05,5.7942038e-05,-0.00021741197,0.00015946996,-0.0005363518,-0.026348233,-0.026884587,5.7942038e-05,-0.02700047,7.682494e-05,-0.027173003,-0.027248535,-0.02732536,0.056781176,0.056781176,0.056781176,0.01892706,0.01892706,0.029455818,0.029455818,0.029455818,0.011488595,0.017967226,0.017967226,0.017967226,0.017749814,0.017749814,0.0021409811,0.0021409811,0.00018844096,0.00018844096,0.01892706,-0.0017351282,0.0017351282,0.0012803884,-0.00023732784,-0.0015751822,0.0026381586,0.0026381586,0.015494372,0.015635991,-0.0024497176,0.01808571,0.00015946996,-0.003462195,-0.003462195,0.0033934813,0.0030891562,-0.002940458,0.0056817033,0.0054384316,0.0008331029,0.0008331029,0.0004272499,0.004387917,0.004583399,0.004583399,0.00021741197,0.00021741197,0.00011446139,0.003773245,0.00013476703,7.682494e-05,4.0128248e-11,0.003464652,0.0033051819,0.0032472399,0.003029804,0.003029804,0.0199674,-0.016937595,-0.01707094,-0.01292057,-0.008749669,-0.002594651,-0.018195637,-0.0037066499,-0.0051012402,-0.004338811,-0.0019326007,-0.0019326007,-0.0020952239,0.0022891772,0.0022891772,9.570784e-05,9.570784e-05,-0.001128723,0.0012708257,0.0012708257,0.001375106,0.001375106,-0.002819758,0.004851393,0.004851393,-0.0053473446,0.010503063,-0.011024799,0.0199674,0.019561548,0.044977922,0.001843194,0.001843194,-0.025416376,-0.025416376,-0.026097585,0.00068120693,0.00068120693,0.00021741197,0.00021741197,0.00015946996,-0.04384741,-0.04384741,-0.04384741,-0.04384741,-0.04384741,-0.00018844096,-0.00040585294,3.2192514e-08
27000,-0.026097592,5.7942038e-05,-0.026213476,7.682494e-05,-0.026348244,0.01892706,0.01892706,0.01892706,3.7765796e-05,5.7942038e-05,-0.00021741197,0.00015946996,-0.0005363518,-0.026348244,-0.026884595,5.7942038e-05,-0.02700048,7.682494e-05,-0.02717301,-0.027248543,-0.02732537,0.056781176,0.056781176,0.056781176,0.01892706,0.01892706,0.029455813,0.029455813,0.029455813,0.011488592,0.01796722,0.01796722,0.01796722,0.017749809,0.017749809,0.0021409804,0.0021409804,0.00018844096,0.00018844096,0.01892706,-0.0017351276,0.0017351276,0.0012803882,-0.00023732736,-0.0015751814,0.0026381575,0.0026381575,0.015494365,0.015635986,-0.0024497167,0.018085701,0.00015946996,-0.0034621938,-0.0034621938,0.00339348,0.003089155,-0.0029404568,0.005681701,0.005438406,0.00083309936,0.00083309936,0.00042724636,0.0043878946,0.004583373,0.004583373,0.00021741197,0.00021741197,0.00011446139,0.003773219,0.0001347415,7.682494e-05,-9.892374e-09,0.0034646515,0.0033051814,0.0032472394,0.00302981,0.00302981,0.019967422,-0.016937612,-0.017070957,-0.012920583,-0.008749666,-0.0025946533,-0.018195651,-0.0037066482,-0.0051012444,-0.004338815,-0.0019326028,-0.0019326028,-0.0020952227,0.002289179,0.002289179,9.570784e-05,9.570784e-05,-0.0011287226,0.0012708254,0.0012708254,0.0013751057,0.0013751057,-0.002819757,0.0048513915,0.0048513915,-0.0053473427,0.01050306,-0.0110247955,0.019967422,0.019561568,0.044977956,0.0018431934,0.0018431934,-0.025416385,-0.025416385,-0.026097592,0.00068120693,0.00068120693,0.00021741197,0.00021741197,0.00015946996,-0.043847438,-0.043847438,-0.043847438,-0.043847438,-0.043847438,-0.00018844096,-0.00040585294,1.6096257e-08
28800,-0.027981803,2.9960273e-05,-0.028041724,3.9724117e-05,-0.02811141,0.01892706,0.01892706,0.01892706,1.9527679e-05,2.9960273e-05,-0.00011241791,8.245763e-05,-0.00027733317,-0.02811141,-0.028388742,2.9960273e-05,-0.028448662,3.9724117e-05,-0.028537873,-0.02857693,-0.028616654,0.056781176,0.056781176,0.056781176,0.01892706,0.01892706,0.028164528,0.028164528,0.028164528,0.010529146,0.017635383,0.017635383,0.017635383,0.017522965,0.017522965,0.0019625372,0.0019625372,9.743777e-05,9.743777e-05,0.01892706,-0.0017526814,0.0017526814,0.00093436375,-0.0007058998,-0.0020209572,0.002842903,0.002842903,0.01550124,0.016157653,-0.0027454651,0.018903118,8.245763e-05,-0.0035014125,-0.0035014125,0.0034257025,0.003268344,-0.0032316362,0.006320085,0.0047811787,0.0006952028,0.0006952028,0.00048534715,0.003973558,0.004339064,0.004339064,0.00011241791,0.00011241791,5.9184917e-05,0.003920155,6.966812e-05,3.9724117e-05,-1.766446e-08,0.0037606063,0.0036781484,0.0036481887,0.0035357566,0.0035357566,0.023258332,-0.019722577,-0.019791525,-0.014702376,-0.00911292,-0.0029649064,-0.020373074,-0.004041245,-0.0055808183,-0.005186587,-0.0023191182,-0.0023191182,-0.0023128921,0.0025034943,0.0025034943,4.9487953e-05,4.9487953e-05,-0.0011945453,0.0012757049,0.0012757049,0.0013219434,0.0013219434,-0.0026875292,0.0046331612,0.0046331612,-0.005229033,0.010019553,-0.010289328,0.023258332,0.023048477,0.050678045,0.0018481944,0.0018481944,-0.02762957,-0.02762957,-0.027981803,0.00035223382,0.00035223382,0.00011241791,0.00011241791,8.245763e-05,-0.050093487,-0.050093487,-0.050093487,-0.050093487,-0.050093487,-9.743777e-05,-0.00020985566,3.2192514e-08
30600,-0.027981794,2.9960273e-05,-0.028041713,3.9724117e-05,-0.028111398,0.01892706,0.01892706,0.01892706,1.9527679e-05,2.9960273e-05,-0.00011241791,8.245763e-05,-0.00027733317,-0.028111398,-0.028388731,2.9960273e-05,-0.028448652,3.9724117e-05,-0.028537864,-0.02857692,-0.028616644,0.056781176,0.056781176,0.056781176,0.01892706,0.01892706,0.028164536,0.028164536,0.028164536,0.010529148,0.017635388,0.017635388,0.017635388,0.01752297,0.01752297,0.0019625374,0.0019625374,9.743777e-05,9.743777e-05,0.01892706,-0.0017526818,0.0017526818,0.0009343641,-0.0007058998,-0.0020209579,0.002842904,0.002842904,0.015501248,0.016157659,-0.0027454665,0.018903125,8.245763e-05,-0.0035014136,-0.0035014136,0.0034257036,0.0032683455,-0.0032316374,0.0063200872,0.004781204,0.0006952061,0.0006952061,0.00048535052,0.00397358,0.004339089,0.004339089,0.00011241791,0.00011241791,5.9184917e-05,0.0039201803,6.968441e-05,3.9724117e-05,7.6761764e-11,0.0037606154,0.003678158,0.0036481973,0.0035357513,0.0035357513,0.023258312,-0.01972256,-0.01979151,-0.014702365,-0.009112923,-0.002964904,-0.02037306,-0.004041247,-0.0055808146,-0.0051865824,-0.0023191161,-0.0023191161,-0.002312893,0.0025034924,0.0025034924,4.9487953e-05,4.9487953e-05,-0.0011945459,0.0012757054,0.0012757054,0.0013219438,0.0013219438,-0.0026875301,0.004633163,0.004633163,-0.0052290354,0.010019557,-0.010289332,0.023258312,0.023048457,0.050678015,0.001848195,0.001848195,-0.027629558,-0.027629558,-0.027981794,0.00035223382,0.00035223382,0.00011241791,0.00011241791,8.245763e-05,-0.050093457,-0.050093457,-0.050093457,-0.050093457,-0.050093457,-9.743777e-05,-0.00020985566,1.6096257e-08
32400,-0.027981794,2.9960273e-05,-0.028041713,3.9724117e-05,-0.028111398,0.01892706,0.01892706,0.01892706,1.9527679e-05,2.9960273e-05,-0.00011241791,8.245763e-05,-0.00027733317,-0.028111398,-0.028388731,2.9960273e-05,-0.028448652,3.9724117e-05,-0.028537864,-0.02857692,-0.028616644,0.056781176,0.056781176,0.056781176,0.01892706,0.01892706,0.028164538,0.028164538,0.028164538,0.010529148,0.017635388,0.017635388,0.017635388,0.01752297,0.01752297,0.0019625374,0.0019625374,9.743777e-05,9.743777e-05,0.01892706,-0.0017526819,0.0017526819,0.0009343641,-0.00070589985,-0.002020958,0.002842904,0.002842904,0.015501248,0.016157659,-0.0027454665,0.018903125,8.245763e-05,-0.0035014139,-0.0035014139,0.0034257036,0.0032683455,-0.0032316374,0.0063200872,0.004781206,0.00069520646,0.00069520646,0.00048535073,0.0039735814,0.0043390915,0.0043390915,0.00011241791,0.00011241791,5.9184917e-05,0.0039201826,6.968253e-05,3.9724117e-05,3.5313728e-11,0.0037606189,0.0036781617,0.0036482012,0.0035357506,0.0035357506,0.023258312,-0.019722559,-0.019791508,-0.014702365,-0.009112924,-0.002964904,-0.02037306,-0.004041247,-0.005580814,-0.0051865824,-0.0023191161,-0.0023191161,-0.002312893,0.0025034922,0.0025034922,4.9487953e-05,4.9487953e-05,-0.0011945459,0.0012757054,0.0012757054,0.001321944,0.001321944,-0.0026875304,0.004633163,0.004633163,-0.0052290354,0.010019557,-0.010289333,0.023258312,0.023048455,0.050678015,0.001848195,0.001848195,-0.027629558,-0.027629558,-0.027981794,0.00035223382,0.00035223382,0.00011241791,0.00011241791,8.245763e-05,-0.050093453,-0.050093453,-0.050093453,-0.050093453,-0.050093453,-9.743777e-05,-0.00020985566,1.6096257e-08
34200,-0.027981794,2.9960273e-05,-0.028041713,3.9724117e-05,-0.028111398,0.01892706,0.01892706,0.01892706,1.9527679e-05,2.9960273e-05,-0.00011241791,8.245763e-05,-0.00027733317,-0.028111398,-0.028388731,2.9960273e-05,-0.028448652,3.9724117e-05,-0.028537864,-0.02857692,-0.028616644,0.056781176,0.056781176,0.056781176,0.01892706,0.01892706,0.028164538,0.028164538,0.028164538,0.010529148,0.017635388,0.017635388,0.017635388,0.01752297,0.01752297,0.0019625374,0.0019625374,9.743777e-05,9.743777e-05,0.01892706,-0.0017526819,0.0017526819,0.0009343641,-0.00070589985,-0.002020958,0.002842904,0.002842904,0.015501248,0.016157659,-0.0027454665,0.018903125,8.245763e-05,-0.0035014139,-0.0035014139,0.0034257036,0.0032683455,-0.0032316374,0.0063200872,0.004781206,0.0006952065,0.0006952065,0.00048535079,0.003973582,0.0043390915,0.0043390915,0.00011241791,0.00011241791,5.9184917e-05,0.003920183,6.969505e-05,3.9724117e-05,1.1067254e-08,0.0037606067,0.0036781495,0.003648189,0.003535751,0.003535751,0.023258312,-0.019722559,-0.019791508,-0.014702365,-0.009112924,-0.0029649038,-0.02037306,-0.004041247,-0.005580814,-0.005186582,-0.002319116,-0.002319116,-0.002312893,0.0025034922,0.0025034922,4.9487953e-05,4.9487953e-05,-0.0011945459,0.0012757054,0.0012757054,0.001321944,0.001321944,-0.0026875304,0.004633163,0.004633163,-0.0052290354,0.010019557,-0.010289333,0.023258312,0.023048455,0.050678015,0.001848195,0.001848195,-0.027629558,-0.027629558,-0.027981794,0.00035223382,0.00035223382,0.00011241791,0.00011241791,8.245763e-05,-0.050093457,-0.050093457,-0.050093457,-0.050093457,-0.050093457,-9.743777e-05,-0.00020985566,3.2192514e-08
36000,-0.019461181,0.00018400131,-0.019829184,0.00024396602,-0.02025715,0.01892706,0.01892706,0.01892706,0.00011992943,0.00018400131,-0.0006904156,0.0005064143,-0.0017032442,-0.02025715,-0.021960394,0.00018400131,-0.022328397,0.00024396602,-0.022876292,-0.023116153,-0.023360118,0.056781176,0.056781176,0.056781176,0.01892706,0.01892706,0.03342106,0.03342106,0.03342106,0.01486684,0.01855422,0.01855422,0.01855422,0.017863804,0.017863804,0.002851516,0.002851516,0.000598415,0.000598415,0.01892706,-0.0015626855,0.0015626855,0.002475823,0.0016035531,0.00078632205,0.0009990853,0.0009990853,0.014648803,0.012741319,-0.00040067028,0.013141989,0.0005064143,-0.0029621609,-0.0029621609,0.0029808262,0.0020144086,-0.0013053278,0.002214907,0.0071348744,0.0011535615,0.0011535615,-0.00013526907,0.005290897,0.0044196234,0.0044196234,0.0006904156,0.0006904156,0.00036348472,0.0018468903,0.0004279674,0.00024396602,5.201463e-11,0.00086691894,0.00036050467,0.00017650334,-0.00051393686,-0.00051393686,0.0032895897,-0.0038035267,-0.004226976,-0.004674296,-0.006169083,-0.00084420503,-0.007798573,-0.0017018436,-0.002572273,-0.00015109511,9.4694944e-05,9.4694944e-05,-0.0007801692,0.0010376524,0.0010376524,0.00030393072,0.00030393072,-0.00064611016,0.0011004766,0.0011004766,0.0014285265,0.0014285265,-0.003081007,0.0053371014,0.0053371014,-0.0054336567,0.011737176,-0.013394009,0.0032895897,0.0020007591,0.019298693,0.0016576796,0.0016576796,-0.017297933,-0.017297933,-0.019461181,0.0021632474,0.0021632474,0.0006904156,0.0006904156,0.0005064143,-0.015708614,-0.015708614,-0.015708614,-0.015708614,-0.015708614,-0.000598415,-0.0012888305,3.2192514e-08
37800,-0.01946118,0.00018400131,-0.019829182,0.00024396602,-0.020257149,0.01892706,0.01892706,0.01892706,0.00011992943,0.00018400131,-0.0006904156,0.0005064143,-0.0017032442,-0.020257149,-0.021960393,0.00018400131,-0.022328395,0.00024396602,-0.022876292,-0.02311615,-0.023360116,0.056781176,0.056781176,0.056781176,0.01892706,0.01892706,0.033421062,0.033421062,0.033421062,0.014866842,0.018554222,0.018554222,0.018554222,0.017863804,0.017863804,0.0028515162,0.0028515162,0.000598415,0.000598415,0.01892706,-0.0015626856,0.0015626856,0.0024758233,0.0016035531,0.0007863219,0.0009990856,0.0009990856,0.014648804,0.012741321,-0.00040067072,0.013141991,0.0005064143,-0.0029621616,-0.0029621616,0.0029808267,0.002014409,-0.0013053281,0.0022149074,0.0071349437,0.0011535742,0.0011535742,-0.0001352564,0.005290953,0.0044196914,0.0044196914,0.0006904156,0.0006904156,0.00036348472,0.0018469593,0.00042796042,0.00024396602,-7.921382e-09,0.00086699496,0.0003605806,0.00017657928,-0.0005138531,-0.0005138531,0.003289607,-0.0038034602,-0.0042269095,-0.0046742507,-0.006169084,-0.0008441933,-0.0077985064,-0.001701844,-0.0025722517,-0.00015107401,9.470431e-05,9.470431e-05,-0.00078016944,0.0010376431,0.0010376431,0.00030393072,0.00030393072,-0.0006461103,0.0011004767,0.0011004767,0.0014285266,0.0014285266,-0.0030810072,0.005337102,0.005337102,-0.005433657,0.011737177,-0.01339401,0.003289607,0.0020007764,0.019298706,0.0016576797,0.0016576797,-0.01729793,-0.01729793,-0.01946118,0.0021632474,0.0021632474,0.0006904156,0.0006904156,0.0005064143,-0.015708627,-0.015708627,-0.015708627,-0.015708627,-0.015708627,-0.000598415,-0.0012888305,1.6096257e-08
39600,-0.019461177,0.00018400131,-0.01982918,0.00024396602,-0.020257147,0.01892706,0.01892706,0.01892706,0.00011992943,0.00018400131,-0.0006904156,0.0005064143,-0.0017032442,-0.020257147,-0.02196039,0.00018400131,-0.022328394,0.00024396602,-0.02287629,-0.023116149,-0.023360116,0.056781176,0.056781176,0.056781176,0.01892706,0.01892706,0.033421062,0.033421062,0.033421062,0.014866842,0.018554222,0.018554222,0.018554222,0.017863804,0.017863804,0.0028515162,0.0028515162,0.000598415,0.000598415,0.01892706,-0.0015626857,0.0015626857,0.0024758233,0.0016035531,0.00078632176,0.0009990857,0.0009990857,0.014648804,0.012741321,-0.00040067083,0.013141992,0.0005064143,-0.0029621616,-0.0029621616,0.0029808267,0.002014409,-0.0013053283,0.0022149077,0.0071349484,0.001153575,0.001153575,-0.00013525551,0.005290958,0.0044196974,0.0044196974,0.0006904156,0.0006904156,0.00036348472,0.0018469648,0.00042796734,0.00024396602,-2.1869865e-11,0.0008669935,0.0003605792,0.0001765779,-0.000513858,-0.000513858,0.0032895976,-0.0038034553,-0.004226905,-0.0046742475,-0.0061690845,-0.00084419263,-0.0077985013,-0.0017018442,-0.0025722503,-0.00015107257,9.470506e-05,9.470506e-05,-0.00078016956,0.0010376422,0.0010376422,0.00030393072,0.00030393072,-0.00064611033,0.0011004768,0.0011004768,0.0014285267,0.0014285267,-0.0030810074,0.005337102,0.005337102,-0.005433657,0.011737177,-0.013394011,0.0032895976,0.002000767,0.019298697,0.0016576798,0.0016576798,-0.01729793,-0.01729793,-0.019461177,0.0021632474,0.0021632474,0.0006904156,0.0006904156,0.0005064143,-0.015708618,-0.015708618,-0.015708618,-0.015708618,-0.015708618,-0.000598415,-0.0012888305,1.6096257e-08
41400,-0.019461174,0.00018400131,-0.019829178,0.00024396602,-0.020257145,0.01892706,0.01892706,0.01892706,0.00011992943,0.00018400131,-0.0006904156,0.0005064143,-0.0017032442,-0.020257145,-0.021960387,0.00018400131,-0.02232839,0.00024396602,-0.022876287,-0.023116147,-0.023360113,0.056781176,0.056781176,0.056781176,0.01892706,0.01892706,0.033421066,0.033421066,0.033421066,0.014866843,0.018554224,0.018554224,0.018554224,0.017863806,0.017863806,0.0028515165,0.0028515165,0.000598415,0.000598415,0.01892706,-0.0015626859,0.0015626859,0.0024758235,0.0016035532,0.00078632147,0.0009990863,0.0009990863,0.014648806,0.012741324,-0.0004006714,0.013141995,0.0005064143,-0.002962162,-0.002962162,0.002980827,0.0020144093,-0.0013053287,0.002214909,0.00713497,0.0011535784,0.0011535784,-0.00013525216,0.0052909763,0.004419719,0.004419719,0.0006904156,0.0006904156,0.00036348472,0.0018469861,0.00042799613,0.00024396602,1.6096257e-08,0.00086698605,0.00036057172,0.00017657041,-0.0005138766,-0.0005138766,0.0032895613,-0.0038034376,-0.004226887,-0.004674235,-0.0061690854,-0.0008441899,-0.007798483,-0.0017018449,-0.002572245,-0.00015106706,9.470788e-05,9.470788e-05,-0.0007801699,0.0010376394,0.0010376394,0.00030393072,0.00030393072,-0.0006461105,0.0011004768,0.0011004768,0.0014285268,0.0014285268,-0.0030810076,0.005337103,0.005337103,-0.0054336577,0.011737179,-0.013394011,0.0032895613,0.0020007305,0.019298658,0.00165768,0.00165768,-0.017297925,-0.017297925,-0.019461174,0.0021632474,0.0021632474,0.0006904156,0.0006904156,0.0005064143,-0.015708577,-0.015708577,-0.015708577,-0.015708577,-0.015708577,-0.000598415,-0.0012888305,1.6096257e-08
43200,-0.019452069,0.00018428394,-0.019820636,0.00024434074,-0.020249262,0.01892706,0.01892706,0.01892706,0.00012011365,0.00018428394,-0.00069147616,0.0005071922,-0.0017058606,-0.020249262,-0.021955121,0.00018428394,-0.02232369,0.00024434074,-0.02287243,-0.023112657,-0.023356998,0.056781176,0.056781176,0.056781176,0.01892706,0.01892706,0.033424184,0.033424184,0.033424184,0.0148720415,0.01855214,0.01855214,0.01855214,0.017860664,0.017860664,0.0028526958,0.0028526958,0.0005993342,0.0005993342,0.01892706,-0.0015618856,0.0015618856,0.0024760154,0.0016056058,0.0007913486,0.0009931904,0.0009931904,0.014643925,0.012733923,-0.0003938562,0.013127779,0.0005071922,-0.002959616,-0.002959616,0.0029786823,0.0020107804,-0.0013002378,0.0022044918,0.007136223,0.0011538255,0.0011538255,-0.0001369848,0.005290922,0.004416801,0.004416801,0.00069147616,0.00069147616,0.00036404305,0.0018401165,0.0004286248,0.00024434074,2.5502787e-11,0.0008586398,0.00035144755,0.00016716361,-0.00052434014,-0.00052434014,0.0032464245,-0.0037707645,-0.004194865,-0.0046548815,-0.006160923,-0.0008396638,-0.0077719474,-0.0016961071,-0.0025642144,-0.00013931724,0.00010101235,0.00010101235,-0.000776373,0.0010330743,0.0010330743,0.0003043976,0.0003043976,-0.0006445491,0.0010997261,0.0010997261,0.0014281672,0.0014281672,-0.003080745,0.005336949,0.005336949,-0.005432718,0.011737569,-0.013396948,0.0032464245,0.0019556142,0.019241113,0.00165687,0.00165687,-0.0172855,-0.0172855,-0.019452069,0.0021665704,0.0021665704,0.00069147616,0.00069147616,0.0005071922,-0.015645519,-0.015645519,-0.015645519,-0.015645519,-0.015645519,-0.0005993342,-0.0012908104,3.2192514e-08
45000,-0.019452084,0.00018428394,-0.019820655,0.00024434074,-0.020249277,0.01892706,0.01892706,0.01892706,0.00012011365,0.00018428394,-0.00069147616,0.0005071922,-0.0017058606,-0.020249277,-0.02195514,0.00018428394,-0.022323707,0.00024434074,-0.022872444,-0.023112671,-0.023357013,0.056781176,0.056781176,0.056781176,0.01892706,0.01892706,0.033424165,0.033424165,0.033424165,0.014872035,0.018552132,0.018552132,0.018552132,0.017860657,0.017860657,0.0028526927,0.0028526927,0.0005993342,0.0005993342,0.01892706,-0.0015618824,0.0015618824,0.0024760063,0.0016056001,0.0007913459,0.0009931842,0.0009931842,0.014643921,0.012733922,-0.00039385006,0.013127772,0.0005071922,-0.002959611,-0.002959611,0.002978678,0.0020107762,-0.0013002327,0.0022044824,0.007136296,0.001153838,0.001153838,-0.00013697235,0.005290982,0.0044168737,0.0044168737,0.00069147616,0.00069147616,0.00036404305,0.0018401892,0.00042864383,0.00024434074,1.1732384e-11,0.0008586937,0.00035150148,0.00016721751,-0.0005242881,-0.0005242881,0.0032463875,-0.0037706757,-0.0041947756,-0.004654823,-0.0061609163,-0.0008396363,-0.007771859,-0.0016961037,-0.002564184,-0.00013928708,0.00010101503,0.00010101503,-0.00077637046,0.0010330717,0.0010330717,0.0003043976,0.0003043976,-0.00064454763,0.001099725,0.001099725,0.0014281658,0.0014281658,-0.0030807427,0.0053369454,0.0053369454,-0.0054327142,0.011737563,-0.01339694,0.0032463875,0.0019555772,0.019241093,0.001656869,0.001656869,-0.017285515,-0.017285515,-0.019452084,0.0021665704,0.0021665704,0.00069147616,0.00069147616,0.0005071922,-0.015645498,-0.015645498,-0.015645498,-0.015645498,-0.015645498,-0.0005993342,-0.0012908104,1.6096257e-08
46800,-0.019452084,0.00018428394,-0.019820653,0.00024434074,-0.020249277,0.01892706,0.01892706,0.01892706,0.00012011365,0.00018428394,-0.00069147616,0.0005071922,-0.0017058606,-0.020249277,-0.021955138,0.00018428394,-0.022323705,0.00024434074,-0.022872444,-0.023112671,-0.023357013,0.056781176,0.056781176,0.056781176,0.01892706,0.01892706,0.03342417,0.03342417,0.03342417,0.014872035,0.018552132,0.018552132,0.018552132,0.017860657,0.017860657,0.002852693,0.002852693,0.0005993342,0.0005993342,0.01892706,-0.0015618826,0.0015618826,0.0024760065,0.0016056001,0.00079134584,0.0009931844,0.0009931844,0.014643921,0.012733923,-0.00039385023,0.013127773,0.0005071922,-0.0029596111,-0.0029596111,0.0029786783,0.0020107762,-0.0013002328,0.0022044827,0.007136303,0.001153839,0.001153839,-0.0001369712,0.0052909884,0.004416881,0.004416881,0.00069147616,0.00069147616,0.00036404305,0.0018401967,0.0004286449,0.00024434074,1.6096257e-08,0.0008586999,0.00035150765,0.00016722373,-0.0005242948,-0.0005242948,0.003246375,-0.0037706695,-0.0041947695,-0.004654818,-0.0061609168,-0.0008396354,-0.0077718524,-0.0016961038,-0.0025641823,-0.0001392852,0.000101016005,0.000101016005,-0.00077637064,0.0010330707,0.0010330707,0.0003043976,0.0003043976,-0.0006445477,0.001099725,0.001099725,0.0014281658,0.0014281658,-0.0030807427,0.0053369454,0.0053369454,-0.0054327147,0.011737563,-0.013396941,0.003246375,0.0019555646,0.019241078,0.001656869,0.001656869,-0.017285513,-0.017285513,-0.019452084,0.0021665704,0.0021665704,0.00069147616,0.00069147616,0.0005071922,-0.015645485,-0.015645485,-0.015645485,-0.015645485,-0.015645485,-0.0005993342,-0.0012908104,1.6096257e-08
48600,-0.019452086,0.00018428394,-0.019820655,0.00024434074,-0.02024928,0.01892706,0.01892706,0.01892706,0.00012011365,0.00018428394,-0.00069147616,0.0005071922,-0.0017058606,-0.02024928,-0.02195514,0.00018428394,-0.022323707,0.00024434074,-0.022872446,-0.023112671,-0.023357013,0.056781176,0.056781176,0.056781176,0.01892706,0.01892706,0.033424165,0.033424165,0.033424165,0.014872035,0.018552132,0.018552132,0.018552132,0.017860655,0.017860655,0.0028526927,0.0028526927,0.0005993342,0.0005993342,0.01892706,-0.0015618823,0.0015618823,0.0024760063,0.0016056001,0.00079134596,0.0009931842,0.0009931842,0.014643918,0.012733922,-0.0003938499,0.013127771,0.0005071922,-0.002959611,-0.002959611,0.002978678,0.002010776,-0.0013002326,0.0022044822,0.0071362914,0.0011538372,0.0011538372,-0.00013697316,0.0052909777,0.0044168686,0.0044168686,0.00069147616,0.00069147616,0.00036404305,0.0018401842,0.0004286248,0.00024434074,8.549849e-11,0.00085870747,0.0003515153,0.00016723135,-0.0005242842,-0.0005242842,0.0032463958,-0.0037706802,-0.00419478,-0.0046548257,-0.006160916,-0.00083963695,-0.007771863,-0.0016961036,-0.0025641858,-0.00013928843,0.000101014346,0.000101014346,-0.0007763704,0.0010330722,0.0010330722,0.0003043976,0.0003043976,-0.00064454763,0.0010997249,0.0010997249,0.0014281657,0.0014281657,-0.0030807424,0.0053369454,0.0053369454,-0.0054327142,0.011737562,-0.01339694,0.0032463958,0.0019555853,0.019241102,0.001656869,0.001656869,-0.017285516,-0.017285516,-0.019452086,0.0021665704,0.0021665704,0.00069147616,0.00069147616,0.0005071922,-0.015645508,-0.015645508,-0.015645508,-0.015645508,-0.015645508,-0.0005993342,-0.0012908104,1.6096257e-08
50400,-0.022661308,0.000113905575,-0.022889119,0.00015102659,-0.02315405,0.01892706,0.01892706,0.01892706,7.424203e-05,0.000113905575,-0.00042740017,0.0003134946,-0.0010543893,-0.02315405,-0.024208438,0.000113905575,-0.02443625,0.00015102659,-0.024775423,-0.02492391,-0.025074935,0.056781176,0.056781176,0.056781176,0.01892706,0.01892706,0.031706244,0.031706244,0.031706244,0.013211053,0.018495193,0.018495193,0.018495193,0.01806779,0.01806779,0.0024321578,0.0024321578,0.00037044738,0.00037044738,0.01892706,-0.0016343101,0.0016343101,0.0020082686,0.0008013587,-0.00057175645,0.002152625,0.002152625,0.015410619,0.014421114,-0.0017821776,0.016203292,0.0003134946,-0.0033364596,-0.0033364596,0.0032917762,0.0026935176,-0.002310801,0.0043203766,0.0066307434,0.001067822,0.001067822,0.00026997452,0.0051355213,0.004949874,0.004949874,0.00042740017,0.00042740017,0.00022501436,0.0033572295,0.0002649322,0.00015102659,2.550868e-11,0.0027505807,0.002437086,0.0023231807,0.0018957675,0.0018957675,0.013053432,-0.0111576645,-0.011419801,-0.009225027,-0.007826728,-0.0018217217,-0.013630788,-0.0029330265,-0.0040640454,-0.0025652207,-0.0011139467,-0.0011139467,-0.0015898796,0.0018149235,0.0018149235,0.0001881476,0.0001881476,-0.00095828366,0.0012298543,0.0012298543,0.0014426366,0.0014426366,-0.0030142078,0.0051834243,0.0051834243,-0.005491959,0.011273642,-0.0122993,0.013053432,0.012255584,0.033577736,0.0017987692,0.0017987692,-0.021322154,-0.021322154,-0.022661308,0.0013391532,0.0013391532,0.00042740017,0.00042740017,0.0003134946,-0.031355307,-0.031355307,-0.031355307,-0.031355307,-0.031355307,-0.00037044738,-0.0007978475,1.6096257e-08
52200,-0.022661306,0.000113905575,-0.022889117,0.00015102659,-0.023154048,0.01892706,0.01892706,0.01892706,7.424203e-05,0.000113905575,-0.00042740017,0.0003134946,-0.0010543893,-0.023154048,-0.024208438,0.000113905575,-0.024436248,0.00015102659,-0.024775423,-0.024923908,-0.025074933,0.056781176,0.056781176,0.056781176,0.01892706,0.01892706,0.031706247,0.031706247,0.031706247,0.013211064,0.018495182,0.018495182,0.018495182,0.01806778,0.01806778,0.0024322113,0.0024322113,0.00037044738,0.00037044738,0.01892706,-0.0016343637,0.0016343637,0.002008126,0.00080116227,-0.0005717872,0.0021525128,0.0021525128,0.015410556,0.014421247,-0.0017820654,0.01620331,0.0003134946,-0.0033364475,-0.0033364475,0.0032917678,0.0026935092,-0.002310789,0.0043203565,0.00663077,0.0010678257,0.0010678257,0.0002699784,0.005135543,0.0049498994,0.0049498994,0.00042740017,0.00042740017,0.00022501436,0.0033572554,0.0002649429,0.00015102659,1.4591537e-08,0.0027505958,0.0024371012,0.0023231958,0.0018957667,0.0018957667,0.013053407,-0.01115764,-0.011419775,-0.009225093,-0.007826737,-0.001821775,-0.013630764,-0.0029330314,-0.0040639546,-0.0025651304,-0.0011138027,-0.0011138027,-0.0015898821,0.0018147797,0.0018147797,0.0001881476,0.0001881476,-0.00095828465,0.0012298559,0.0012298559,0.0014426376,0.0014426376,-0.0030142101,0.005183429,0.005183429,-0.005491965,0.011273652,-0.012299311,0.013053407,0.012255559,0.03357771,0.0017987716,0.0017987716,-0.021322152,-0.021322152,-0.022661306,0.0013391532,0.0013391532,0.00042740017,0.00042740017,0.0003134946,-0.031355284,-0.031355284,-0.031355284,-0.031355284,-0.031355284,-0.00037044738,-0.0007978475,1.6096257e-08
54000,-0.02266131,0.000113905575,-0.022889122,0.00015102659,-0.023154056,0.01892706,0.01892706,0.01892706,7.424203e-05,0.000113905575,-0.00042740017,0.0003134946,-0.0010543893,-0.023154056,-0.024208441,0.000113905575,-0.024436254,0.00015102659,-0.024775429,-0.024923911,-0.025074938,0.056781176,0.056781176,0.056781176,0.01892706,0.01892706,0.03170624,0.03170624,0.03170624,0.013211061,0.018495178,0.018495178,0.018495178,0.018067777,0.018067777,0.0024322108,0.0024322108,0.00037044738,0.00037044738,0.01892706,-0.0016343634,0.0016343634,0.0020081257,0.0008011624,-0.0005717866,0.002152512,0.002152512,0.015410554,0.014421243,-0.0017820647,0.016203308,0.0003134946,-0.0033364468,-0.0033364468,0.0032917673,0.0026935088,-0.0023107883,0.004320355,0.0066307513,0.0010678233,0.0010678233,0.00026997572,0.005135528,0.004949881,0.004949881,0.00042740017,0.00042740017,0.00022501436,0.0033572377,0.0002649321,0.00015102659,-5.7721094e-12,0.0027505886,0.002437094,0.0023231886,0.0018957731,0.0018957731,0.013053426,-0.011157652,-0.011419788,-0.009225102,-0.007826736,-0.001821777,-0.013630777,-0.0029330302,-0.0040639583,-0.0025651336,-0.001113804,-0.001113804,-0.0015898815,0.0018147811,0.0018147811,0.0001881476,0.0001881476,-0.00095828436,0.0012298557,0.0012298557,0.0014426373,0.0014426373,-0.0030142094,0.005183428,0.005183428,-0.0054919636,0.0112736495,-0.0122993095,0.013053426,0.012255577,0.033577736,0.0017987712,0.0017987712,-0.021322157,-0.021322157,-0.02266131,0.0013391532,0.0013391532,0.00042740017,0.00042740017,0.0003134946,-0.031355307,-0.031355307,-0.031355307,-0.031355307,-0.031355307,-0.00037044738,-0.0007978475,0.0
55800,-0.022661312,0.000113905575,-0.022889124,0.00015102659,-0.023154056,0.01892706,0.01892706,0.01892706,7.424203e-05,0.000113905575,-0.00042740017,0.0003134946,-0.0010543893,-0.023154056,-0.024208443,0.000113905575,-0.024436254,0.00015102659,-0.02477543,-0.024923913,-0.025074938,0.056781176,0.056781176,0.056781176,0.01892706,0.01892706,0.03170624,0.03170624,0.03170624,0.013211061,0.018495178,0.018495178,0.018495178,0.018067777,0.018067777,0.0024322108,0.0024322108,0.00037044738,0.00037044738,0.01892706,-0.0016343633,0.0016343633,0.0020081257,0.00080116244,-0.0005717865,0.0021525118,0.0021525118,0.015410554,0.014421241,-0.0017820646,0.016203308,0.0003134946,-0.0033364468,-0.0033364468,0.0032917669,0.0026935085,-0.0023107883,0.0043203547,0.006630748,0.0010678228,0.0010678228,0.00026997522,0.0051355255,0.0049498784,0.0049498784,0.00042740017,0.00042740017,0.00022501436,0.003357234,0.00026493793,0.00015102659,1.6096257e-08,0.0027505795,0.0024370851,0.0023231795,0.0018957745,0.0018957745,0.013053429,-0.011157655,-0.011419789,-0.009225103,-0.007826735,-0.0018217773,-0.0136307785,-0.00293303,-0.004063959,-0.0025651343,-0.0011138044,-0.0011138044,-0.0015898814,0.0018147813,0.0018147813,0.0001881476,0.0001881476,-0.0009582843,0.0012298556,0.0012298556,0.0014426372,0.0014426372,-0.0030142094,0.005183428,0.005183428,-0.0054919636,0.0112736495,-0.012299309,0.013053429,0.012255582,0.03357774,0.001798771,0.001798771,-0.02132216,-0.02132216,-0.022661312,0.0013391532,0.0013391532,0.00042740017,0.00042740017,0.0003134946,-0.03135531,-0.03135531,-0.03135531,-0.03135531,-0.03135531,-0.00037044738,-0.0007978475,0.0
57600,-0.02609757,5.7942038e-05,-0.026213452,7.682494e-05,-0.02634822,0.01892706,0.01892706,0.01892706,3.7765796e-05,5.7942038e-05,-0.00021741197,0.00015946996,-0.0005363518,-0.02634822,-0.02688457,5.7942038e-05,-0.027000455,7.682494e-05,-0.027172988,-0.02724852,-0.027325343,0.056781176,0.056781176,0.056781176,0.01892706,0.01892706,0.029455835,0.029455835,0.029455835,0.011488608,0.017967228,0.017967228,0.017967228,0.017749816,0.017749816,0.0021410524,0.0021410524,0.00018844096,0.00018844096,0.01892706,-0.0017351995,0.0017351995,0.0012803285,-0.000237459,-0.0015752058,0.002638122,0.002638122,0.015494301,0.015636051,-0.002449681,0.018085733,0.00015946996,-0.00346219,-0.00346219,0.0033934764,0.003089151,-0.0029404531,0.0056816936,0.005438472,0.0008331087,0.0008331087,0.0004272557,0.004387951,0.004583439,0.004583439,0.00021741197,0.00021741197,0.00011446139,0.0037732848,0.00013480299,7.682494e-05,1.6096257e-08,0.003464656,0.003305186,0.003247244,0.0030297954,0.0030297954,0.019967364,-0.01693757,-0.017070914,-0.012920552,-0.008749682,-0.0025946472,-0.018195612,-0.0037066562,-0.0051012333,-0.004338804,-0.0019325977,-0.0019325977,-0.0020952274,0.002289174,0.002289174,9.570784e-05,9.570784e-05,-0.0011287249,0.0012708277,0.0012708277,0.0013751078,0.0013751078,-0.0028197616,0.0048513995,0.0048513995,-0.005347352,0.010503076,-0.011024813,0.019967364,0.019561512,0.044977874,0.0018431968,0.0018431968,-0.025416361,-0.025416361,-0.02609757,0.00068120693,0.00068120693,0.00021741197,0.00021741197,0.00015946996,-0.043847356,-0.043847356,-0.043847356,-0.043847356,-0.043847356,-0.00018844096,-0.00040585294,1.6096257e-08
59400,-0.026097585,5.7942038e-05,-0.026213467,7.682494e-05,-0.026348233,0.01892706,0.01892706,0.01892706,3.7765796e-05,5.7942038e-05,-0.00021741197,0.00015946996,-0.0005363518,-0.026348233,-0.026884587,5.7942038e-05,-0.02700047,7.682494e-05,-0.027173003,-0.027248535,-0.027325362,0.056781176,0.056781176,0.056781176,0.01892706,0.01892706,0.029455818,0.029455818,0.029455818,0.011488594,0.017967226,0.017967226,0.017967226,0.017749814,0.017749814,0.0021409811,0.0021409811,0.00018844096,0.00018844096,0.01892706,-0.0017351281,0.0017351281,0.0012803884,-0.00023732781,-0.0015751822,0.0026381584,0.0026381584,0.01549437,0.015635991,-0.0024497174,0.018085709,0.00015946996,-0.003462195,-0.003462195,0.0033934813,0.0030891562,-0.002940458,0.0056817033,0.0054384302,0.0008331027,0.0008331027,0.0004272497,0.004387916,0.0045833974,0.0045833974,0.00021741197,0.00021741197,0.00011446139,0.0037732434,0.00013476705,7.682494e-05,8.549849e-11,0.0034646504,0.0033051802,0.0032472382,0.0030298044,0.0030298044,0.019967401,-0.016937597,-0.017070942,-0.012920571,-0.008749669,-0.0025946512,-0.018195637,-0.0037066494,-0.0051012402,-0.004338811,-0.001932601,-0.001932601,-0.0020952236,0.0022891772,0.0022891772,9.570784e-05,9.570784e-05,-0.001128723,0.0012708257,0.0012708257,0.001375106,0.001375106,-0.002819758,0.004851393,0.004851393,-0.0053473446,0.010503062,-0.011024799,0.019967401,0.01956155,0.044977926,0.001843194,0.001843194,-0.025416376,-0.025416376,-0.026097585,0.00068120693,0.00068120693,0.00021741197,0.00021741197,0.00015946996,-0.04384741,-0.04384741,-0.04384741,-0.04384741,-0.04384741,-0.00018844096,-0.00040585294,1.6096257e-08
61200,-0.026097585,5.7942038e-05,-0.026213467,7.682494e-05,-0.026348233,0.01892706,0.01892706,0.01892706,3.7765796e-05,5.7942038e-05,-0.00021741197,0.00015946996,-0.0005363518,-0.026348233,-0.026884587,5.7942038e-05,-0.02700047,7.682494e-05,-0.027173001,-0.027248535,-0.02732536,0.056781176,0.056781176,0.056781176,0.01892706,0.01892706,0.029455818,0.029455818,0.029455818,0.011488595,0.017967228,0.017967228,0.017967228,0.017749814,0.017749814,0.0021409811,0.0021409811,0.00018844096,0.00018844096,0.01892706,-0.0017351282,0.0017351282,0.0012803884,-0.00023732785,-0.0015751822,0.0026381586,0.0026381586,0.015494372,0.015635991,-0.0024497176,0.01808571,0.00015946996,-0.003462195,-0.003462195,0.0033934813,0.0030891562,-0.002940458,0.0056817033,0.0054384326,0.00083310297,0.00083310297,0.00042725005,0.004387918,0.0045833997,0.0045833997,0.00021741197,0.00021741197,0.00011446139,0.003773246,0.0001347704,7.682494e-05,3.9333e-11,0.0034646494,0.0033051795,0.0032472373,0.0030298037,0.0030298037,0.0199674,-0.016937595,-0.01707094,-0.012920569,-0.008749669,-0.002594651,-0.018195635,-0.0037066499,-0.0051012402,-0.0043388107,-0.0019326007,-0.0019326007,-0.0020952239,0.0022891772,0.0022891772,9.570784e-05,9.570784e-05,-0.001128723,0.0012708257,0.0012708257,0.001375106,0.001375106,-0.002819758,0.004851393,0.004851393,-0.0053473446,0.010503063,-0.011024799,0.0199674,0.019561544,0.044977922,0.001843194,0.001843194,-0.025416376,-0.025416376,-0.026097585,0.00068120693,0.00068120693,0.00021741197,0.00021741197,0.00015946996,-0.04384741,-0.04384741,-0.04384741,-0.04384741,-0.04384741,-0.00018844096,-0.00040585294,1.6096257e-08
63000,-0.02609759,5.7942038e-05,-0.026213473,7.682494e-05,-0.02634824,0.01892706,0.01892706,0.01892706,3.7765796e-05,5.7942038e-05,-0.00021741197,0.00015946996,-0.0005363518,-0.02634824,-0.026884593,5.7942038e-05,-0.027000476,7.682494e-05,-0.027173009,-0.02724854,-0.027325366,0.056781176,0.056781176,0.056781176,0.01892706,0.01892706,0.029455815,0.029455815,0.029455815,0.011488592,0.017967222,0.017967222,0.017967222,0.017749809,0.017749809,0.0021409807,0.0021409807,0.00018844096,0.00018844096,0.01892706,-0.0017351278,0.0017351278,0.0012803883,-0.00023732752,-0.0015751815,0.0026381577,0.0026381577,0.015494368,0.015635988,-0.002449717,0.018085705,0.00015946996,-0.0034621942,-0.0034621942,0.0033934806,0.0030891555,-0.0029404573,0.005681702,0.0054384144,0.0008331004,0.0008331004,0.00042724752,0.0043879026,0.004583381,0.004583381,0.00021741197,0.00021741197,0.00011446139,0.0037732273,0.00013475059,7.682494e-05,-1.0063212e-08,0.0034646506,0.003305181,0.003247239,0.003029808,0.003029808,0.019967414,-0.016937606,-0.017070951,-0.012920577,-0.008749667,-0.0025946526,-0.018195646,-0.0037066487,-0.005101243,-0.004338814,-0.001932602,-0.001932602,-0.0020952234,0.0022891785,0.0022891785,9.570784e-05,9.570784e-05,-0.0011287228,0.0012708255,0.0012708255,0.0013751058,0.0013751058,-0.0028197572,0.004851392,0.004851392,-0.005347343,0.010503061,-0.011024797,0.019967414,0.019561563,0.044977944,0.0018431935,0.0018431935,-0.025416382,-0.025416382,-0.02609759,0.00068120693,0.00068120693,0.00021741197,0.00021741197,0.00015946996,-0.043847427,-0.043847427,-0.043847427,-0.043847427,-0.043847427,-0.00018844096,-0.00040585294,1.6096257e-08
64800,0.0069795433,8.422794e-05,0.0068110875,0.000111677226,0.006615182,-3.0206515e-09,1.0576502e-09,1.0576502e-09,5.4898566e-05,8.422794e-05,-0.00031604277,0.00023181486,-0.00077967247,0.006615182,0.00583551,8.422794e-05,0.005667054,0.000111677226,0.00541625,0.0053064525,0.0051947758,2.4123792e-10,1.2674799e-09,-5.990967e-10,-2.6252398e-09,1.7647246e-09,0.005194775,0.005194775,0.005194775,0.0033948093,0.0017999657,0.0017999657,0.0017999657,0.0014839229,0.0014839229,0.0008040642,0.0008040642,0.00027392883,0.00027392883,1.7647246e-09,-0.0002140926,0.0002140926,0.00062711886,0.00072906906,0.0010225198,-0.0007114436,-0.0007114436,0.0005134709,-0.00035472465,0.0009853725,-0.001340097,0.00023181486,-4.36572e-05,-4.36572e-05,-7.1232134e-05,-0.00051361683,0.0007147703,-0.0017341308,0.0021132638,0.00037752884,0.00037752884,-0.00021244274,0.0014196924,0.00087033794,0.00087033794,0.00031604277,0.00031604277,0.00016638778,-0.0003073491,0.00019590404,0.000111677226,-2.9365812e-11,-0.000755937,-0.0009877518,-0.0010719798,-0.0013880403,-0.0013880403,-0.00859813,0.0072100908,0.007016253,0.004567626,0.00058665295,0.0009359217,0.005381329,0.0008256993,0.0010663865,0.0021746983,0.0009648478,0.0009648478,0.0005543831,-0.00044650756,-0.00044650756,0.00013912653,0.00013912653,0.00016538269,5.3384265e-05,5.3384265e-05,0.00019277408,0.00019277408,-0.00049884216,0.00083836657,0.00083836657,-0.00068143103,0.0019621823,-0.0027206095,-0.00859813,-0.009188103,-0.017157888,6.559558e-05,6.559558e-05,0.007969786,0.007969786,0.0069795433,0.0009902423,0.0009902423,0.00031604277,0.00031604277,0.00023181486,0.018801272,0.018801272,0.018801272,0.018801272,0.018801272,-0.00027392883,-0.00058997155,0.0
66600,0.0069795405,8.422794e-05,0.0068110847,0.000111677226,0.0066151796,-1.3896302e-09,-4.5632227e-09,-4.5632227e-09,5.4898566e-05,8.422795e-05,-0.00031604277,0.00023181486,-0.00077967247,0.0066151796,0.005835507,8.422794e-05,0.005667051,0.000111677226,0.0054162475,0.00530645,0.005194773,-1.6096257e-08,-5.353878e-09,-1.6096257e-08,-2.7803255e-09,-6.587375e-10,0.005194783,0.005194783,0.005194783,0.0033948156,0.0017999676,0.0017999676,0.0017999676,0.0014839247,0.0014839247,0.0008040746,0.0008040746,0.00027392883,0.00027392883,-6.587375e-10,-0.00021410304,0.00021410304,0.0006270844,0.0007290241,0.0010225036,-0.00071146205,-0.00071146205,0.00051346235,-0.00035468832,0.000985391,-0.0013400792,0.00023181486,-4.364805e-05,-4.364805e-05,-7.123266e-05,-0.00051361736,0.0007147794,-0.0017341404,0.0021132713,0.0003775296,0.0003775296,-0.00021244198,0.0014196989,0.0008703453,0.0008703453,0.00031604277,0.00031604277,0.00016638778,-0.00030734186,0.00019590085,0.000111677226,-1.3509541e-11,-0.00075592654,-0.0009877414,-0.0010719693,-0.0013880408,-0.0013880408,-0.00859813,0.0072100894,0.0070162523,0.0045676255,0.0005866466,0.00093592156,0.005381328,0.00082570117,0.0010663862,0.002174698,0.0009648477,0.0009648477,0.0005543693,-0.0004465074,-0.0004465074,0.00013912653,0.00013912653,0.00016536596,5.338137e-05,5.338137e-05,0.00019279079,0.00019279079,-0.000498856,0.00083836465,0.00083836465,-0.0006814392,0.0019621886,-0.002720616,-0.00859813,-0.009188103,-0.017157884,6.557991e-05,6.557991e-05,0.007969783,0.007969783,0.0069795405,0.0009902423,0.0009902423,0.00031604277,0.00031604277,0.00023181486,0.01880127,0.01880127,0.01880127,0.01880127,0.01880127,-0.00027392883,-0.00058997155,1.6096257e-08
68400,0.0069795554,8.422794e-05,0.0068110996,0.000111677226,0.0066151945,3.3625742e-09,8.0703805e-10,8.0703805e-10,5.4898566e-05,8.422794e-05,-0.00031604277,0.00023181486,-0.00077967247,0.0066151945,0.005835522,8.422794e-05,0.0056670657,0.000111677226,0.005416263,0.005306465,0.005194788,-3.9594641e-10,3.3355976e-09,2.1527908e-09,2.184799e-10,3.1019478e-09,0.005194794,0.005194794,0.005194794,0.003394818,0.0017999761,0.0017999761,0.0017999761,0.0014839333,0.0014839333,0.0008040746,0.0008040746,0.00027392883,0.00027392883,3.1019478e-09,-0.00021410304,0.00021410304,0.00062708417,0.00072902394,0.0010225031,-0.0007114617,-0.0007114617,0.00051347085,-0.0003546796,0.0009853905,-0.0013400702,0.00023181486,-4.3649023e-05,-4.3649023e-05,-7.123191e-05,-0.00051361666,0.00071477843,-0.0017341387,0.0021132973,0.00037753227,0.00037753227,-0.0002124393,0.0014197222,0.00087037124,0.00087037124,0.00031604277,0.00031604277,0.00016638778,-0.00030731587,0.00019593774,0.000111677226,1.6096257e-08,-0.0007559374,-0.0009877522,-0.0010719802,-0.0013880448,-0.0013880448,-0.00859815,0.0072101043,0.0070162676,0.0045676366,0.0005866443,0.0009359238,0.0053813434,0.0008257002,0.0010663904,0.0021747022,0.00096484955,0.00096484955,0.000554369,-0.00044650937,-0.00044650937,0.00013912653,0.00013912653,0.0001653659,5.3381584e-05,5.3381584e-05,0.00019279086,0.00019279086,-0.00049885624,0.0008383657,0.0008383657,-0.0006814405,0.001962191,-0.0027206184,-0.00859815,-0.009188121,-0.01715792,6.55806e-05,6.55806e-05,0.007969798,0.007969798,0.0069795554,0.0009902423,0.0009902423,0.00031604277,0.00031604277,0.00023181486,0.018801305,0.018801305,0.018801305,0.018801305,0.018801305,-0.00027392883,-0.00058997155,3.2192514e-08
70200,0.006979543,8.422794e-05,0.006811087,0.000111677226,0.0066151815,-7.877565e-09,3.7127235e-10,3.7127235e-10,5.4898566e-05,8.422794e-05,-0.00031604277,0.00023181486,-0.00077967247,0.0066151815,0.0058355094,8.422794e-05,0.0056670536,0.000111677226,0.00541625,0.0053064525,0.0051947753,-1.8215245e-10,-1.929201e-08,-2.023368e-08,-8.618776e-09,-1.7561045e-09,0.005194768,0.005194768,0.005194768,0.0033948123,0.0017999551,0.0017999551,0.0017999551,0.0014839125,0.0014839125,0.00080407463,0.00080407463,0.00027392883,0.00027392883,-1.7561045e-09,-0.00021410304,0.00021410304,0.0006270847,0.0007290244,0.0010225046,-0.0007114627,-0.0007114627,0.00051344995,-0.0003547009,0.0009853914,-0.0013400924,0.00023181486,-4.3646654e-05,-4.3646654e-05,-7.1233735e-05,-0.0005136184,0.00071478076,-0.001734143,0.002113255,0.0003775279,0.0003775279,-0.00021244369,0.0014196844,0.00087032886,0.00087032886,0.00031604277,0.00031604277,0.00016638778,-0.0003073582,0.00019590522,0.000111677226,8.549849e-11,-0.00075594726,-0.0009877621,-0.00107199,-0.001388039,-0.001388039,-0.008598127,0.0072100894,0.007016252,0.0045676255,0.00058665,0.0009359215,0.0053813276,0.0008257025,0.001066386,0.0021746978,0.00096484757,0.00096484757,0.0005543697,-0.00044650733,-0.00044650733,0.00013912653,0.00013912653,0.00016536607,5.3381063e-05,5.3381063e-05,0.00019279069,0.00019279069,-0.00049885554,0.0008383633,0.0008383633,-0.00068143726,0.0019621851,-0.0027206128,-0.008598127,-0.0091881,-0.017157884,6.5578904e-05,6.5578904e-05,0.0079697855,0.0079697855,0.006979543,0.0009902423,0.0009902423,0.00031604277,0.00031604277,0.00023181486,0.01880127,0.01880127,0.01880127,0.01880127,0.01880127,-0.00027392883,-0.00058997155,1.6096257e-08
72000,0.006979551,8.422794e-05,0.0068110945,0.000111677226,0.00661519,-4.5366324e-09,-1.214987e-08,-1.214987e-08,5.4898566e-05,8.422794e-05,-0.00031604277,0.00023181486,-0.00077967247,0.00661519,0.005835518,8.422794e-05,0.005667061,0.000111677226,0.005416258,0.0053064604,0.005194783,-1.6096257e-08,-1.8991216e-08,-1.8746617e-08,-5.107312e-09,-5.2380895e-09,0.0051947646,0.0051947646,0.0051947646,0.0033948119,0.0017999528,0.0017999528,0.0017999528,0.00148391,0.00148391,0.00080407463,0.00080407463,0.00027392883,0.00027392883,-5.2380895e-09,-0.00021410304,0.00021410304,0.0006270848,0.00072902447,0.0010225048,-0.0007114628,-0.0007114628,0.00051344757,-0.00035470343,0.0009853916,-0.001340095,0.00023181486,-4.3646374e-05,-4.3646374e-05,-7.1233946e-05,-0.00051361864,0.00071478117,-0.0017341435,0.0021132582,0.00037752822,0.00037752822,-0.00021244337,0.0014196872,0.00087033195,0.00087033195,0.00031604277,0.00031604277,0.00016638778,-0.00030735513,0.00019590287,0.000111677226,3.9333e-11,-0.0007559418,-0.0009877566,-0.0010719845,-0.0013880406,-0.0013880406,-0.008598136,0.0072100954,0.0070162583,0.0045676297,0.0005866507,0.0009359224,0.0053813336,0.00082570285,0.0010663876,0.0021746997,0.0009648483,0.0009648483,0.0005543698,-0.00044650814,-0.00044650814,0.00013912653,0.00013912653,0.0001653661,5.3380998e-05,5.3380998e-05,0.00019279066,0.00019279066,-0.0004988555,0.00083836296,0.00083836296,-0.00068143685,0.0019621844,-0.002720612,-0.008598136,-0.009188107,-0.017157901,6.557871e-05,6.557871e-05,0.007969793,0.007969793,0.006979551,0.0009902423,0.0009902423,0.00031604277,0.00031604277,0.00023181486,0.018801285,0.018801285,0.018801285,0.018801285,0.018801285,-0.00027392883,-0.00058997155,1.6096257e-08
73800,0.006979532,8.422794e-05,0.0068110763,0.000111677226,0.006615171,8.337772e-10,7.1949025e-10,7.1949025e-10,5.4898566e-05,8.422795e-05,-0.00031604277,0.00023181486,-0.00077967247,0.006615171,0.005835498,8.422794e-05,0.005667043,0.000111677226,0.005416239,0.0053064423,0.0051947646,-3.9594641e-10,3.3265982e-10,1.448239e-09,1.5158028e-09,-9.547433e-10,0.005194768,0.005194768,0.005194768,0.0033948123,0.0017999554,0.0017999554,0.0017999554,0.0014839126,0.0014839126,0.00080407463,0.00080407463,0.00027392883,0.00027392883,-9.547433e-10,-0.00021410304,0.00021410304,0.0006270847,0.0007290244,0.0010225046,-0.0007114627,-0.0007114627,0.00051345,-0.00035470087,0.0009853914,-0.0013400924,0.00023181486,-4.364666e-05,-4.364666e-05,-7.1233735e-05,-0.0005136184,0.00071478076,-0.001734143,0.0021132457,0.0003775269,0.0003775269,-0.00021244465,0.0014196759,0.00087031955,0.00087031955,0.00031604277,0.00031604277,0.00016638778,-0.00030736756,0.00019588422,0.000111677226,-2.0144515e-08,-0.0007559356,-0.0009877505,-0.0010719784,-0.0013880371,-0.0013880371,-0.008598116,0.007210079,0.0070162425,0.0045676185,0.0005866499,0.00093592,0.005381318,0.0008257025,0.0010663834,0.0021746953,0.00096484646,0.00096484646,0.0005543697,-0.00044650614,-0.00044650614,0.00013912653,0.00013912653,0.00016536607,5.3381063e-05,5.3381063e-05,0.00019279069,0.00019279069,-0.00049885554,0.0008383633,0.0008383633,-0.00068143726,0.0019621851,-0.0027206128,-0.008598116,-0.009188089,-0.017157864,6.557892e-05,6.557892e-05,0.007969775,0.007969775,0.006979532,0.0009902423,0.0009902423,0.00031604277,0.00031604277,0.00023181486,0.01880125,0.01880125,0.01880125,0.01880125,0.01880125,-0.00027392883,-0.00058997155,1.6096257e-08
75600,0.006979501,8.422794e-05,0.006811045,0.000111677226,0.00661514,6.567693e-09,7.3427597e-09,7.3427597e-09,5.4898566e-05,8.422794e-05,-0.00031604277,0.00023181486,-0.00077967247,0.00661514,0.0058354675,8.422794e-05,0.0056670117,0.000111677226,0.005416208,0.0053064106,0.005194734,-1.8215245e-10,3.108271e-08,3.0417837e-08,7.39328e-09,9.488647e-09,0.0051948186,0.0051948186,0.0051948186,0.003394823,0.0017999951,0.0017999951,0.0017999951,0.0014839523,0.0014839523,0.0008040746,0.0008040746,0.00027392883,0.00027392883,9.488647e-09,-0.00021410303,0.00021410303,0.0006270837,0.0007290235,0.0010225017,-0.00071146083,-0.00071146083,0.0005134899,-0.0003546601,0.0009853897,-0.0013400497,0.00023181486,-4.365119e-05,-4.365119e-05,-7.1230235e-05,-0.00051361497,0.0007147763,-0.0017341349,0.0021132792,0.00037753038,0.00037753038,-0.00021244121,0.0014197059,0.00087035296,0.00087035296,0.00031604277,0.00031604277,0.00016638778,-0.00030733412,0.00019590516,0.000111677226,-1.2142042e-13,-0.00075592316,-0.0009877379,-0.0010719659,-0.0013880363,-0.0013880363,-0.0085980985,0.0072100624,0.007016225,0.004567606,0.0005866391,0.0009359175,0.0053813006,0.00082569796,0.0010663787,0.0021746906,0.0009648442,0.0009648442,0.0005543683,-0.00044650392,-0.00044650392,0.00013912653,0.00013912653,0.00016536572,5.3382064e-05,5.3382064e-05,0.00019279103,0.00019279103,-0.0004988569,0.0008383679,0.0008383679,-0.00068144355,0.0019621963,-0.0027206235,-0.0085980985,-0.00918807,-0.017157814,6.558215e-05,6.558215e-05,0.007969744,0.007969744,0.006979501,0.0009902423,0.0009902423,0.00031604277,0.00031604277,0.00023181486,0.018801197,0.018801197,0.018801197,0.018801197,0.018801197,-0.00027392883,-0.00058997155,3.2192514e-08
77400,0.0069795554,8.422794e-05,0.0068111,0.000111677226,0.0066151945,-4.4374775e-09,-1.4667516e-09,-1.4667516e-09,5.4898566e-05,8.422794e-05,-0.00031604277,0.00023181486,-0.00077967247,0.0066151945,0.005835522,8.422794e-05,0.005667066,0.000111677226,0.005416263,0.0053064656,0.0051947883,-1.6096257e-08,-5.1369655e-09,-4.9011626e-09,-3.1075802e-09,-1.2478955e-09,0.0051947827,0.0051947827,0.0051947827,0.0033948154,0.0017999671,0.0017999671,0.0017999671,0.0014839245,0.0014839245,0.0008040746,0.0008040746,0.00027392883,0.00027392883,-1.2478955e-09,-0.00021410304,0.00021410304,0.0006270844,0.0007290242,0.0010225037,-0.00071146205,-0.00071146205,0.00051346206,-0.0003546886,0.000985391,-0.0013400795,0.00023181486,-4.3648022e-05,-4.3648022e-05,-7.123267e-05,-0.00051361736,0.0007147794,-0.0017341406,0.002113284,0.00037753093,0.00037753093,-0.00021244069,0.0014197105,0.000870358,0.000870358,0.00031604277,0.00031604277,0.00016638778,-0.0003073291,0.00019591894,0.000111677226,1.6096257e-08,-0.0007559319,-0.0009877466,-0.0010719745,-0.0013880439,-0.0013880439,-0.008598147,0.007210103,0.0070162658,0.0045676352,0.00058664667,0.0009359235,0.005381341,0.00082570117,0.0010663898,0.0021747018,0.0009648494,0.0009648494,0.0005543693,-0.00044650908,-0.00044650908,0.00013912653,0.00013912653,0.00016536597,5.3381365e-05,5.3381365e-05,0.00019279079,0.00019279079,-0.000498856,0.00083836465,0.00083836465,-0.0006814392,0.0019621886,-0.002720616,-0.008598147,-0.009188117,-0.017157916,6.557989e-05,6.557989e-05,0.0079697985,0.0079697985,0.0069795554,0.0009902423,0.0009902423,0.00031604277,0.00031604277,0.00023181486,0.018801302,0.018801302,0.018801302,0.018801302,0.018801302,-0.00027392883,-0.00058997155,1.6096257e-08
79200,0.0023146777,2.7981763e-05,0.0022587143,3.710082e-05,0.0021936316,-3.9226737e-09,1.420772e-08,1.420772e-08,1.8238114e-05,2.7981763e-05,-0.000104994084,7.7012315e-05,-0.00025901874,0.0021936316,0.0019346128,2.7981763e-05,0.0018786493,3.7100825e-05,0.0017953286,0.0017588524,0.0017217515,-1.6096257e-08,-1.2525049e-09,-1.1720386e-08,-6.7241936e-09,-4.24472e-09,0.0017217337,0.0017217337,0.0017217337,0.0011269405,0.0005947933,0.0005947933,0.0005947933,0.0004897992,0.0004897992,0.0002671273,0.0002671273,9.1003196e-05,9.1003196e-05,-4.24472e-09,-7.113001e-05,7.113001e-05,0.0002084047,0.00024226875,0.00033991633,-0.00023650574,-0.00023650574,0.00016739544,-0.00012109322,0.00032750893,-0.00044860214,7.7012315e-05,-1.4137692e-05,-1.4137692e-05,-2.3943545e-05,-0.00017091028,0.00023782311,-0.0005767489,0.0006737108,0.00012255063,0.00012255063,-7.344665e-05,0.00044616612,0.00026079238,0.00026079238,0.000104994084,0.000104994084,5.527648e-05,-0.00013045267,6.507188e-05,3.710082e-05,-2.0144515e-08,-0.00027946985,-0.00035648214,-0.0003844639,-0.0004894881,-0.0004894881,-0.0028604872,0.002370999,0.0023066036,0.001499839,0.00019576005,0.00030731573,0.0017634574,0.0002746761,0.0003475636,0.00071576115,0.00031744223,0.00031744223,0.00018427675,-0.00014524198,-0.00014524198,4.6219877e-05,4.6219884e-05,5.4964625e-05,1.7654598e-05,1.7654598e-05,6.402034e-05,6.402034e-05,-0.00016562022,0.00027815116,0.00027815116,-0.00022588279,0.00065100065,-0.0009029614,-0.0028604872,-0.0030564843,-0.0057001356,2.1527723e-05,2.1527723e-05,0.0026436509,0.0026436509,0.0023146777,0.0003289731,0.0003289731,0.000104994084,0.000104994084,7.7012315e-05,0.006246092,0.006246092,0.006246092,0.006246092,0.006246092,-9.1003196e-05,-0.00019599727,3.2192514e-08
81000,0.0023146744,2.7981763e-05,0.002258711,3.710082e-05,0.002193628,-3.4576284e-09,-6.418618e-10,-6.418618e-10,1.8238117e-05,2.7981763e-05,-0.000104994084,7.7012315e-05,-0.00025901874,0.002193628,0.0019346096,2.7981763e-05,0.0018786462,3.710082e-05,0.0017953254,0.0017588491,0.0017217484,-3.9594641e-10,-2.5753384e-09,4.627418e-09,-3.7990886e-09,1.1801315e-09,0.0017217504,0.0017217504,0.0017217504,0.0011269441,0.0005948063,0.0005948063,0.0005948063,0.0004898122,0.0004898122,0.00026712727,0.00026712727,9.1003196e-05,9.1003196e-05,1.1801315e-09,-7.113e-05,7.113e-05,0.0002084044,0.00024226846,0.00033991545,-0.00023650513,-0.00023650513,0.00016740843,-0.00012107991,0.0003275083,-0.0004485882,7.7012315e-05,-1.4139174e-05,-1.41391765e-05,-2.3942408e-05,-0.00017090914,0.00023782163,-0.0005767463,0.00067372766,0.0001225523,0.0001225523,-7.3444964e-05,0.00044618122,0.0002608092,0.0002608092,0.000104994084,0.000104994084,5.527648e-05,-0.00013043582,6.508258e-05,3.710082e-05,-4.967878e-11,-0.0002794637,-0.000356476,-0.00038445776,-0.00048948935,-0.00048948935,-0.0028604886,0.0023709994,0.0023066038,0.0014998392,0.00019575651,0.0003073158,0.0017634578,0.00027467462,0.0003475637,0.00071576127,0.00031744226,0.00031744226,0.00018427632,-0.00014524201,-0.00014524201,4.6219884e-05,4.6219884e-05,5.4964512e-05,1.765492e-05,1.765492e-05,6.402045e-05,6.402045e-05,-0.00016562066,0.00027815264,0.00027815264,-0.00022588483,0.0006510042,-0.000902965,-0.0028604886,-0.0030564861,-0.0057001333,2.1528778e-05,2.1528778e-05,0.0026436476,0.0026436476,0.0023146744,0.0003289731,0.0003289731,0.000104994084,0.000104994084,7.7012315e-05,0.0062460904,0.0062460904,0.0062460904,0.0062460904,0.0062460904,-9.1003196e-05,-0.00019599727,3.2192514e-08
82800,0.002314682,2.7981763e-05,0.0022587182,3.710082e-05,0.0021936356,-8.953296e-09,-2.347956e-08,-2.347956e-08,1.8238117e-05,2.7981763e-05,-0.000104994084,7.7012315e-05,-0.00025901874,0.0021936356,0.0019346171,2.7981763e-05,0.0018786535,3.710082e-05,0.0017953329,0.0017588565,0.0017217557,1.4787389e-08,-4.8780873e-08,-4.7632284e-08,-9.017105e-09,-2.0176376e-08,0.0017217138,0.0017217138,0.0017217138,0.0011269363,0.0005947775,0.0005947775,0.0005947775,0.0004897835,0.0004897835,0.0002671273,0.0002671273,9.1003196e-05,9.1003196e-05,-2.0176376e-08,-7.1130016e-05,7.1130016e-05,0.00020840506,0.00024226913,0.00033991746,-0.00023650649,-0.00023650649,0.0001673797,-0.00012110934,0.00032750968,-0.00044861902,7.7012315e-05,-1.4135898e-05,-1.4135898e-05,-2.3944922e-05,-0.00017091165,0.0002378249,-0.00057675206,0.00067369075,0.00012254866,0.00012254866,-7.344862e-05,0.00044614804,0.0002607724,0.0002607724,0.000104994084,0.000104994084,5.527648e-05,-0.00013047265,6.5061075e-05,3.710082e-05,-8.285367e-09,-0.00027947902,-0.0003564913,-0.00038447307,-0.0004894864,-0.0004894864,-0.0028604856,0.0023709992,0.0023066036,0.001499839,0.00019576433,0.00030731573,0.0017634574,0.00027467788,0.00034756362,0.00071576115,0.00031744223,0.00031744223,0.00018427728,-0.00014524198,-0.00014524198,4.6219884e-05,4.6219884e-05,5.4964763e-05,1.7654207e-05,1.7654207e-05,6.40202e-05,6.40202e-05,-0.0001656197,0.00027814935,0.00027814935,-0.00022588031,0.0006509964,-0.00090295717,-0.0028604856,-0.0030564826,-0.005700138,2.152644e-05,2.152644e-05,0.002643655,0.002643655,0.002314682,0.0003289731,0.0003289731,0.000104994084,0.000104994084,7.7012315e-05,0.0062460946,0.0062460946,0.0062460946,0.0062460946,0.0062460946,-9.1003196e-05,-0.00019599727,1.6096257e-08
84600,0.0023146677,2.7981763e-05,0.0022587043,3.710082e-05,0.0021936216,7.337575e-09,-3.6035663e-09,-3.6035663e-09,1.8238117e-05,2.7981763e-05,-0.000104994084,7.7012315e-05,-0.00025901874,0.0021936216,0.0019346026,2.7981763e-05,0.0018786392,3.710082e-05,0.0017953186,0.0017588423,0.0017217415,-7.31409e-10,1.3887294e-09,1.5999662e-09,8.308964e-09,-3.563337e-09,0.0017217436,0.0017217436,0.0017217436,0.0011269426,0.00059480104,0.00059480104,0.00059480104,0.0004898069,0.0004898069,0.00026712727,0.00026712727,9.1003196e-05,9.1003196e-05,-3.563337e-09,-7.113001e-05,7.113001e-05,0.0002084045,0.00024226856,0.00033991583,-0.00023650537,-0.00023650537,0.00016740314,-0.00012108532,0.0003275086,-0.00044859393,7.7012315e-05,-1.4138571e-05,-1.4138571e-05,-2.3942872e-05,-0.0001709096,0.00023782224,-0.00057674735,0.00067371404,0.00012255096,0.00012255096,-7.344631e-05,0.000446169,0.0002607956,0.0002607956,0.000104994084,0.000104994084,5.527648e-05,-0.00013044942,6.508252e-05,3.710082e-05,-8.4139145e-12,-0.00027947722,-0.00035648953,-0.00038447126,-0.0004894866,-0.0004894866,-0.0028604788,0.0023709924,0.002306597,0.0014998344,0.00019575795,0.00030731477,0.0017634509,0.0002746752,0.00034756179,0.00071575935,0.0003174414,0.0003174414,0.00018427649,-0.00014524112,-0.00014524112,4.6219884e-05,4.6219884e-05,5.4964556e-05,1.765479e-05,1.7654791e-05,6.40204e-05,6.40204e-05,-0.00016562048,0.00027815203,0.00027815203,-0.000225884,0.00065100275,-0.00090296357,-0.0028604788,-0.0030564761,-0.005700117,2.152835e-05,2.152835e-05,0.0026436406,0.0026436406,0.0023146677,0.0003289731,0.0003289731,0.000104994084,0.000104994084,7.7012315e-05,0.0062460736,0.0062460736,0.0062460736,0.0062460736,0.0062460736,-9.1003196e-05,-0.00019599727,1.6096257e-08
86400,0.002314673,2.7981763e-05,0.0022587094,3.710082e-05,0.0021936267,3.3756014e-09,1.8961135e-09,1.8961135e-09,1.8238117e-05,2.7981763e-05,-0.000104994084,7.7012315e-05,-0.00025901874,0.0021936267,0.0019346082,2.7981763e-05,0.0018786447,3.710082e-05,0.001795324,0.0017588477,0.0017217469,-3.364797e-10,-6.6843e-09,-1.292907e-08,3.4296515e-09,-3.255535e-09,0.0017217491,0.0017217491,0.0017217491,0.0011269437,0.0005948053,0.0005948053,0.0005948053,0.0004898112,0.0004898112,0.00026712727,0.00026712727,9.1003196e-05,9.1003196e-05,-3.255535e-09,-7.113e-05,7.113e-05,0.0002084044,0.00024226849,0.00033991548,-0.00023650519,-0.00023650519,0.00016740744,-0.00012108093,0.00032750837,-0.00044858933,7.7012315e-05,-1.4139062e-05,-1.4139062e-05,-2.3942493e-05,-0.00017090922,0.00023782175,-0.0005767465,0.0006737253,0.00012255208,0.00012255208,-7.3445204e-05,0.00044617912,0.00026080688,0.00026080685,0.000104994084,0.000104994084,5.527648e-05,-0.00013043819,6.510073e-05,3.710082e-05,1.6096257e-08,-0.00027948423,-0.00035649652,-0.00038447828,-0.00048948824,-0.00048948824,-0.0028604865,0.0023709983,0.0023066027,0.0014998385,0.00019575677,0.00030731564,0.0017634566,0.0002746747,0.0003475634,0.000715761,0.00031744214,0.00031744214,0.00018427634,-0.00014524187,-0.00014524187,4.6219884e-05,4.6219884e-05,5.4964523e-05,1.7654897e-05,1.7654897e-05,6.4020445e-05,6.4020445e-05,-0.00016562063,0.00027815253,0.00027815253,-0.00022588467,0.0006510039,-0.0009029647,-0.0028604865,-0.0030564836,-0.0057001295,2.15287e-05,2.15287e-05,0.0026436462,0.0026436462,0.002314673,0.0003289731,0.0003289731,0.000104994084,0.000104994084,7.7012315e-05,0.0062460867,0.0062460867,0.0062460867,0.0062460867,0.0062460867,-9.1003196e-05,-0.00019599727,1.6096257e-08
